date,store_name,store_id,total_signals,unique_visits,addidas,apple,bmw,employed,female,h_&_m,high_income,honda,job_seeking,low_income,male,mercedes-benz,middle_income,retired,student,tommy_helfinger
2021-01-01,Aldi,place_64,1,1,0,0,0,0,0,0,0,0,0,1,1,0,0,0,0,0
2021-01-01,Burger King,place_42,4,1,0,0,0,0,0,0,1,0,0,0,1,0,0,0,1,0
2021-01-01,Burger King,place_43,1,1,0,0,0,0,0,0,0,0,0,0,1,0,1,0,0,0
2021-01-01,Burger King,place_50,1,1,0,0,0,0,0,0,0,1,0,0,1,0,1,0,0,0
2021-01-01,McDonald's,place_17,1,1,0,0,0,0,0,0,0,0,0,0,1,0,1,0,0,0
2021-01-01,McDonald's,place_18,1,1,0,0,0,0,0,0,1,1,0,0,1,0,0,0,0,0
2021-01-01,McDonald's,place_25,2,2,0,1,0,0,0,0,0,0,0,1,2,0,1,0,0,0
2021-01-01,McDonald's,place_26,1,1,0,0,0,0,0,0,0,0,0,0,1,0,1,0,0,0
2021-01-01,McDonald's,place_28,1,1,0,0,1,0,0,0,0,0,1,1,1,0,0,0,0,0
2021-01-01,McDonald's,place_29,1,1,0,0,1,0,0,0,0,0,0,0,1,0,1,1,0,0
2021-01-01,McDonald's,place_3,2,1,0,0,0,0,0,0,1,0,0,0,1,0,0,0,1,0
2021-01-01,McDonald's,place_31,3,2,0,0,0,0,0,0,1,0,0,0,2,0,1,0,0,0
2021-01-01,Renault,place_238,1,1,0,0,0,0,0,0,0,0,0,0,1,0,1,0,0,0
2021-01-01,Rewe,place_141,1,1,0,0,0,0,0,0,1,0,0,0,1,0,0,0,0,0
2021-01-01,Rewe,place_148,2,1,0,0,0,0,0,0,0,1,1,0,1,0,1,0,0,0
2021-01-01,Rewe,place_161,1,1,0,0,0,0,0,0,0,0,0,0,1,0,1,0,0,0
2021-01-01,Rewe,place_196,2,1,0,0,0,0,0,0,1,0,0,0,1,0,0,0,0,0
2021-01-02,Aldi,place_102,3,1,1,0,0,0,0,0,1,0,0,0,1,0,0,0,0,0
2021-01-02,Aldi,place_107,1,1,0,0,0,0,0,0,0,0,0,0,1,0,1,0,0,0
2021-01-02,Aldi,place_114,2,2,0,0,0,0,0,0,0,1,0,0,2,0,2,0,1,0
2021-01-02,Aldi,place_119,1,1,0,1,0,0,0,0,0,0,1,1,1,0,0,0,0,0
2021-01-02,Aldi,place_127,1,1,0,0,0,0,0,0,0,0,0,0,1,0,1,0,0,0
2021-01-02,Aldi,place_130,2,1,0,0,0,0,0,1,0,0,0,0,1,1,1,0,1,0
2021-01-02,Aldi,place_58,1,1,0,0,0,0,0,0,1,0,0,0,1,1,0,0,0,0
2021-01-02,Aldi,place_62,1,1,0,0,0,0,0,0,0,1,0,1,1,0,0,0,0,0
2021-01-02,Aldi,place_67,1,1,0,0,0,0,0,0,0,0,0,0,1,0,1,0,1,0
2021-01-02,Aldi,place_79,2,1,0,0,0,0,0,1,0,0,0,0,1,0,1,0,0,0
2021-01-02,Aldi,place_81,1,1,0,1,0,1,0,0,0,0,0,0,1,1,1,0,0,0
2021-01-02,Aldi,place_83,2,1,0,0,0,0,0,0,0,0,0,0,1,0,1,0,1,0
2021-01-02,Aldi,place_84,2,1,0,0,0,0,0,0,0,0,0,0,1,0,1,0,0,0
2021-01-02,Aldi,place_90,1,1,0,0,0,0,0,0,0,0,0,1,1,0,0,0,0,0
2021-01-02,Aldi,place_92,1,1,0,0,0,0,0,0,1,1,0,0,1,0,0,0,0,0
2021-01-02,Aldi,place_95,1,1,0,0,0,0,0,0,1,0,0,0,1,0,0,0,1,1
2021-01-02,Aldi,place_96,1,1,0,0,0,0,0,0,1,0,0,0,1,0,0,0,0,0
2021-01-02,Aldi,place_98,1,1,0,0,0,0,0,0,0,0,0,0,1,0,1,0,0,0
2021-01-02,Burger King,place_38,1,1,0,0,0,0,0,0,0,0,0,0,1,0,1,0,0,0
2021-01-02,Kaufland,place_213,1,1,0,0,0,0,0,0,1,0,0,0,1,0,0,0,0,0
2021-01-02,Kaufland,place_214,6,6,1,1,0,0,0,1,2,1,0,0,6,0,4,0,1,0
2021-01-02,Kaufland,place_215,5,3,0,0,0,0,0,0,1,0,0,0,3,0,2,2,0,0
2021-01-02,Kaufland,place_216,6,4,0,0,0,0,0,0,0,0,0,1,4,0,3,0,0,0
2021-01-02,Kaufland,place_217,3,3,0,0,0,0,0,0,0,1,0,1,3,0,2,0,1,0
2021-01-02,Kaufland,place_218,1,1,0,0,0,0,0,0,1,0,0,0,1,1,0,0,0,0
2021-01-02,Kaufland,place_219,5,4,0,2,0,0,0,0,1,0,0,1,4,1,2,2,0,0
2021-01-02,Kaufland,place_220,4,4,0,0,0,0,0,0,0,1,0,1,4,0,3,0,1,0
2021-01-02,Kaufland,place_221,4,4,0,0,1,0,0,1,1,0,0,0,4,0,3,2,0,0
2021-01-02,Kaufland,place_223,4,4,0,0,0,1,0,0,0,0,0,1,4,0,3,1,0,0
2021-01-02,Kaufland,place_224,8,7,1,1,1,1,0,0,0,0,0,3,7,0,4,0,0,0
2021-01-02,Kaufland,place_225,3,2,0,0,0,0,0,0,1,0,0,0,2,0,1,0,0,0
2021-01-02,Kaufland,place_226,4,3,0,0,0,1,0,0,1,1,0,0,3,0,2,0,0,0
2021-01-02,Kaufland,place_227,2,2,0,0,0,0,0,0,0,1,0,1,2,0,1,0,0,0
2021-01-02,McDonald's,place_13,2,1,0,0,0,0,0,0,1,0,0,0,1,1,0,0,0,0
2021-01-02,McDonald's,place_3,2,1,0,1,0,0,0,0,0,0,0,0,1,0,1,0,0,0
2021-01-02,McDonald's,place_33,1,1,0,0,0,0,0,0,0,0,0,1,1,0,0,0,0,0
2021-01-02,McDonald's,place_8,1,1,0,0,0,0,0,0,0,0,0,0,1,0,1,0,0,0
2021-01-02,Mercedes,place_234,1,1,0,0,0,0,0,0,0,0,0,0,1,0,1,0,0,0
2021-01-02,Rewe,place_138,4,4,1,0,0,1,0,0,1,0,1,0,4,0,3,0,0,0
2021-01-02,Rewe,place_139,1,1,0,0,0,0,0,0,1,0,0,0,1,0,0,0,0,0
2021-01-02,Rewe,place_141,2,2,0,0,0,0,0,0,0,1,0,0,2,0,2,0,0,0
2021-01-02,Rewe,place_144,2,1,0,0,0,0,0,0,0,0,1,0,1,0,1,0,0,0
2021-01-02,Rewe,place_146,2,2,0,1,0,0,0,1,0,0,0,0,2,0,2,0,0,0
2021-01-02,Rewe,place_148,2,1,0,0,0,0,0,0,0,0,0,0,1,0,1,0,0,0
2021-01-02,Rewe,place_153,2,2,0,0,0,0,0,0,0,0,0,0,2,0,2,1,0,0
2021-01-02,Rewe,place_154,1,1,0,0,0,0,0,0,1,0,0,0,1,0,0,1,0,0
2021-01-02,Rewe,place_156,2,1,1,0,0,0,0,0,0,0,0,0,1,0,1,0,0,0
2021-01-02,Rewe,place_164,1,1,0,0,0,0,0,1,0,0,0,1,1,0,0,0,0,0
2021-01-02,Rewe,place_175,1,1,0,0,0,0,0,0,0,0,0,0,1,1,1,0,0,0
2021-01-02,Rewe,place_178,2,1,0,1,0,0,0,0,0,0,0,1,1,0,0,0,0,0
2021-01-02,Rewe,place_179,2,1,0,0,0,0,0,0,0,0,0,0,1,0,1,0,0,1
2021-01-02,Rewe,place_180,2,2,0,0,1,0,0,0,0,0,0,0,2,1,2,0,0,0
2021-01-02,Rewe,place_182,1,1,0,0,0,0,0,0,0,0,0,0,1,0,1,0,0,0
2021-01-02,Rewe,place_189,1,1,0,0,0,0,0,0,0,0,0,0,1,0,1,1,0,0
2021-01-02,Rewe,place_191,6,4,0,0,0,0,0,1,0,0,1,0,4,0,4,0,0,0
2021-01-02,Rewe,place_192,3,2,0,0,1,0,0,0,0,0,0,0,2,0,2,0,0,0
2021-01-02,Rewe,place_193,3,2,0,0,0,0,0,0,0,1,0,1,2,1,1,0,1,0
2021-01-02,Rewe,place_195,1,1,0,0,0,0,0,0,1,0,0,0,1,0,0,0,0,0
2021-01-02,Rewe,place_198,5,2,0,0,0,1,0,0,0,0,1,0,2,0,2,0,0,0
2021-01-02,Rewe,place_199,4,3,0,0,1,0,0,0,2,0,0,0,3,1,1,0,1,0
2021-01-02,Rewe,place_200,2,2,0,1,1,0,0,0,0,1,0,2,2,0,0,0,0,0
2021-01-02,Rewe,place_203,1,1,0,0,0,0,0,0,0,0,0,0,1,0,1,0,0,0
2021-01-02,Rewe,place_204,1,1,0,0,0,0,0,0,0,0,0,0,1,0,1,0,0,0
2021-01-02,Rewe,place_205,5,5,0,0,0,1,0,0,0,0,0,1,5,0,4,0,0,0
2021-01-02,Rewe,place_207,1,1,0,0,0,0,0,0,0,0,0,0,1,0,1,0,0,0
2021-01-02,Rewe,place_209,2,2,0,0,0,0,0,0,0,0,0,2,2,0,0,1,0,0
2021-01-02,Rewe,place_210,6,2,0,0,1,0,0,0,1,0,0,0,2,0,1,0,0,0
2021-01-03,Aldi,place_79,1,1,0,0,0,0,0,1,0,0,0,0,1,0,1,0,0,0
2021-01-03,Aldi,place_98,1,1,0,0,0,0,0,0,0,0,0,1,1,0,0,0,0,0
2021-01-03,Burger King,place_40,1,1,0,1,1,0,0,0,0,0,0,0,1,1,1,0,0,0
2021-01-03,Burger King,place_41,1,1,1,1,0,0,0,0,1,0,0,0,1,0,0,0,0,0
2021-01-03,McDonald's,place_10,1,1,0,0,0,0,0,0,0,0,0,0,1,0,1,0,0,0
2021-01-03,Rewe,place_210,11,1,0,0,1,0,0,0,0,0,0,0,1,0,1,0,0,0
2021-01-04,Aldi,place_101,1,1,0,0,1,0,0,0,0,0,0,0,1,0,1,0,0,0
2021-01-04,Aldi,place_102,1,1,0,1,0,0,0,0,0,0,0,0,1,0,1,0,0,0
2021-01-04,Aldi,place_108,1,1,0,0,0,1,0,0,0,1,0,1,1,0,0,0,0,1
2021-01-04,Aldi,place_114,1,1,0,0,0,0,0,0,0,0,0,0,1,0,1,0,0,0
2021-01-04,Aldi,place_124,1,1,0,0,1,0,0,0,0,0,0,0,1,0,1,0,0,0
2021-01-04,Aldi,place_130,1,1,0,0,1,0,0,0,0,1,0,0,1,0,1,0,0,0
2021-01-04,Aldi,place_135,6,2,0,0,0,0,0,0,1,0,0,1,2,1,0,0,0,0
2021-01-04,Aldi,place_54,1,1,0,0,0,1,0,0,0,0,0,0,1,0,1,0,0,0
2021-01-04,Aldi,place_58,2,2,0,0,0,0,0,0,0,0,0,0,2,0,2,1,0,0
2021-01-04,Aldi,place_62,1,1,0,0,0,0,0,0,0,1,0,0,1,0,1,0,0,0
2021-01-04,Aldi,place_64,1,1,0,0,0,0,0,0,1,0,1,0,1,0,0,0,0,0
2021-01-04,Aldi,place_67,1,1,0,1,0,0,0,0,0,0,0,0,1,0,1,0,0,0
2021-01-04,Aldi,place_69,1,1,0,0,0,0,0,0,0,0,0,1,1,0,0,0,1,0
2021-01-04,Aldi,place_70,1,1,0,0,0,0,0,0,0,0,0,0,1,0,1,0,0,0
2021-01-04,Aldi,place_75,1,1,0,0,0,0,0,0,0,0,0,0,1,0,1,0,0,0
2021-01-04,Aldi,place_79,1,1,0,0,0,0,0,1,0,0,0,0,1,0,1,0,0,0
2021-01-04,Aldi,place_85,1,1,0,0,0,0,0,0,0,1,0,0,1,0,1,0,0,0
2021-01-04,Aldi,place_87,1,1,0,0,0,0,0,0,1,0,0,0,1,0,0,0,0,0
2021-01-04,Aldi,place_93,1,1,0,0,0,0,0,0,0,0,0,1,1,0,0,0,0,0
2021-01-04,Aldi,place_96,1,1,0,0,0,1,0,0,0,0,0,0,1,0,1,0,0,0
2021-01-04,Aldi,place_98,2,2,0,0,0,0,0,0,0,0,0,0,2,0,2,0,0,0
2021-01-04,Aldi,place_99,1,1,0,0,0,0,0,0,0,0,0,0,1,0,1,0,0,0
2021-01-04,Burger King,place_35,1,1,0,0,0,0,0,0,0,0,0,1,1,0,0,0,0,0
2021-01-04,Burger King,place_38,1,1,0,0,0,0,0,0,1,0,0,0,1,0,0,0,0,0
2021-01-04,Kaufland,place_213,8,6,0,0,0,0,0,0,1,1,0,1,6,1,4,0,1,0
2021-01-04,Kaufland,place_214,5,4,0,0,0,0,0,0,0,2,0,0,4,1,4,0,0,0
2021-01-04,Kaufland,place_215,12,10,0,2,1,0,0,0,2,1,1,2,10,1,6,2,0,0
2021-01-04,Kaufland,place_216,1,1,0,0,1,0,0,0,0,0,0,0,1,0,1,0,0,0
2021-01-04,Kaufland,place_217,1,1,0,0,0,0,0,0,1,0,0,0,1,0,0,0,1,0
2021-01-04,Kaufland,place_218,1,1,0,0,0,0,0,0,0,0,0,0,1,0,1,0,0,0
2021-01-04,Kaufland,place_219,3,3,0,1,0,0,0,0,1,0,0,0,3,0,2,0,0,0
2021-01-04,Kaufland,place_220,7,5,2,0,0,0,0,1,1,0,0,1,5,0,3,0,1,0
2021-01-04,Kaufland,place_221,3,2,0,0,0,0,0,0,0,0,0,1,2,1,1,0,0,1
2021-01-04,Kaufland,place_223,6,4,0,0,1,1,0,0,1,0,0,0,4,0,3,0,0,0
2021-01-04,Kaufland,place_224,3,3,0,0,0,0,0,0,1,2,0,0,3,0,2,0,0,0
2021-01-04,Kaufland,place_225,6,3,0,0,0,0,0,0,1,0,0,0,3,0,2,0,0,0
2021-01-04,Kaufland,place_226,1,1,0,0,0,0,0,0,1,0,0,0,1,0,0,0,0,0
2021-01-04,Kaufland,place_227,1,1,0,0,0,0,0,0,0,0,0,0,1,0,1,0,0,0
2021-01-04,Lexus,place_245,3,2,0,0,0,0,0,0,0,0,0,1,2,0,1,0,0,0
2021-01-04,McDonald's,place_1,1,1,0,0,0,0,0,0,0,0,0,0,1,0,1,0,0,0
2021-01-04,McDonald's,place_27,1,1,0,0,1,0,0,0,0,0,0,0,1,0,1,0,0,0
2021-01-04,McDonald's,place_28,1,1,0,0,0,0,0,0,0,0,0,1,1,0,0,0,0,0
2021-01-04,McDonald's,place_33,1,1,0,0,0,0,0,0,0,0,0,0,1,0,1,0,0,0
2021-01-04,McDonald's,place_4,2,2,0,2,0,0,0,0,0,0,1,0,2,0,2,0,1,0
2021-01-04,McDonald's,place_6,1,1,0,0,0,0,0,1,0,0,0,0,1,0,1,0,0,0
2021-01-04,Rewe,place_138,3,3,0,0,0,0,0,0,0,0,0,2,3,0,1,0,0,0
2021-01-04,Rewe,place_141,1,1,0,0,0,0,0,0,0,0,0,0,1,0,1,0,0,0
2021-01-04,Rewe,place_146,1,1,0,0,0,0,0,0,1,0,0,0,1,0,0,0,0,0
2021-01-04,Rewe,place_151,1,1,1,0,0,0,0,1,0,0,0,0,1,0,1,0,0,0
2021-01-04,Rewe,place_153,1,1,0,0,0,0,0,0,0,0,0,0,1,0,1,0,1,0
2021-01-04,Rewe,place_154,1,1,0,0,0,0,0,0,0,0,0,0,1,0,1,1,0,0
2021-01-04,Rewe,place_157,1,1,0,0,0,0,0,0,1,0,0,0,1,0,0,1,0,0
2021-01-04,Rewe,place_159,3,3,0,0,0,0,0,0,0,1,0,0,3,0,3,0,0,0
2021-01-04,Rewe,place_160,2,2,0,0,1,0,0,0,0,0,0,1,2,1,1,0,1,0
2021-01-04,Rewe,place_161,4,1,0,0,0,0,0,0,0,0,0,0,1,0,1,0,1,0
2021-01-04,Rewe,place_162,1,1,0,0,0,0,0,0,0,0,0,1,1,0,0,0,0,0
2021-01-04,Rewe,place_164,1,1,0,0,0,0,0,0,0,1,0,0,1,0,1,0,0,0
2021-01-04,Rewe,place_172,3,1,0,1,0,0,0,0,0,0,0,0,1,0,1,0,0,0
2021-01-04,Rewe,place_173,1,1,0,0,0,0,0,0,0,0,0,1,1,0,0,0,0,0
2021-01-04,Rewe,place_176,1,1,0,0,0,0,0,0,0,0,0,1,1,0,0,0,1,0
2021-01-04,Rewe,place_179,5,3,0,0,0,0,0,0,0,0,0,0,3,1,3,0,0,1
2021-01-04,Rewe,place_182,1,1,0,0,0,0,0,0,0,0,0,0,1,0,1,0,0,0
2021-01-04,Rewe,place_183,2,2,0,0,0,0,0,0,1,0,0,0,2,0,1,0,0,0
2021-01-04,Rewe,place_187,2,2,0,1,0,0,0,0,0,0,0,1,2,0,1,0,0,0
2021-01-04,Rewe,place_189,2,1,0,0,1,0,0,0,1,0,0,0,1,0,0,0,0,0
2021-01-04,Rewe,place_191,2,1,0,0,0,0,0,0,0,0,0,0,1,0,1,0,0,0
2021-01-04,Rewe,place_193,7,3,0,0,1,0,0,0,0,1,0,2,3,0,1,0,0,0
2021-01-04,Rewe,place_199,1,1,0,0,0,0,0,0,0,0,0,1,1,0,0,0,0,0
2021-01-04,Rewe,place_200,1,1,0,0,0,0,0,0,0,0,0,1,1,0,0,0,1,0
2021-01-04,Rewe,place_201,3,1,0,1,0,0,0,0,0,0,0,1,1,0,0,0,0,0
2021-01-04,Rewe,place_204,2,1,0,0,0,0,0,0,0,0,0,0,1,0,1,0,0,0
2021-01-04,Rewe,place_205,5,5,0,0,0,0,0,0,0,1,0,1,5,0,4,1,1,0
2021-01-04,Rewe,place_210,5,3,0,0,1,0,0,1,2,0,0,0,3,0,1,0,0,0
2021-01-04,Rewe,place_211,2,2,0,0,0,0,0,0,1,0,0,0,2,1,1,0,0,0
2021-01-04,Rewe,place_212,1,1,0,0,0,0,0,0,0,1,0,0,1,0,1,0,0,0
2021-01-04,Subway,place_53,1,1,0,0,0,0,0,0,0,0,0,0,1,0,1,0,0,0
2021-01-05,Aldi,place_101,1,1,0,0,0,0,0,0,0,0,0,1,1,0,0,0,0,1
2021-01-05,Aldi,place_108,1,1,0,1,0,0,0,0,0,0,0,0,1,0,1,0,0,0
2021-01-05,Aldi,place_113,1,1,0,0,0,0,0,0,0,0,0,0,1,0,1,0,0,0
2021-01-05,Aldi,place_116,1,1,0,0,0,0,0,1,0,1,0,0,1,0,1,0,0,0
2021-01-05,Aldi,place_119,2,2,0,0,0,0,0,0,0,0,0,1,2,0,1,0,1,0
2021-01-05,Aldi,place_132,2,1,0,0,0,0,0,0,0,0,0,0,1,0,1,0,0,0
2021-01-05,Aldi,place_135,2,2,1,0,0,0,0,0,0,0,0,0,2,1,2,0,0,0
2021-01-05,Aldi,place_136,2,1,0,1,0,0,0,0,0,0,0,0,1,0,1,0,0,0
2021-01-05,Aldi,place_70,1,1,0,0,0,0,0,0,0,0,0,1,1,0,0,0,0,0
2021-01-05,Aldi,place_79,1,1,0,0,0,0,0,1,0,0,0,0,1,0,1,0,0,0
2021-01-05,Aldi,place_87,1,1,0,0,0,0,0,0,1,0,0,0,1,0,0,0,0,0
2021-01-05,Aldi,place_89,1,1,0,0,0,0,0,0,0,0,0,0,1,0,1,0,0,0
2021-01-05,Burger King,place_40,1,1,0,0,0,0,0,0,0,0,0,1,1,1,0,0,0,0
2021-01-05,Kaufland,place_213,3,2,0,0,0,1,0,0,0,1,0,1,2,0,1,0,0,0
2021-01-05,Kaufland,place_214,6,6,0,1,0,0,0,0,1,1,0,0,6,1,5,0,1,0
2021-01-05,Kaufland,place_215,5,5,1,1,1,0,0,0,1,0,0,0,5,0,4,1,1,0
2021-01-05,Kaufland,place_216,1,1,0,0,0,0,1,0,0,0,0,0,0,1,1,0,0,0
2021-01-05,Kaufland,place_217,1,1,0,0,0,0,0,0,0,0,0,0,1,0,1,0,0,0
2021-01-05,Kaufland,place_218,1,1,0,0,0,0,1,0,0,0,0,0,0,0,1,0,1,0
2021-01-05,Kaufland,place_219,1,1,0,0,0,0,0,0,0,1,0,0,1,0,1,0,0,0
2021-01-05,Kaufland,place_220,3,2,0,0,0,0,0,0,0,0,0,1,2,0,1,0,0,0
2021-01-05,Kaufland,place_221,2,2,0,1,0,0,0,1,1,0,0,0,2,0,1,0,0,0
2021-01-05,Kaufland,place_223,4,4,0,0,1,0,0,0,0,0,2,3,4,0,1,0,0,0
2021-01-05,Kaufland,place_224,8,4,0,0,0,0,0,0,0,0,0,2,4,1,2,0,0,0
2021-01-05,Kaufland,place_225,5,2,0,0,0,0,0,0,1,0,0,0,2,0,1,0,0,0
2021-01-05,Kaufland,place_226,1,1,0,0,0,0,0,0,1,0,0,0,1,0,0,0,0,0
2021-01-05,Kaufland,place_227,6,3,0,1,0,1,0,0,1,0,0,0,3,0,2,0,0,0
2021-01-05,McDonald's,place_13,1,1,1,0,0,0,0,0,1,0,0,0,1,0,0,0,0,0
2021-01-05,McDonald's,place_15,1,1,0,0,1,0,0,0,0,0,0,0,1,0,1,0,0,0
2021-01-05,McDonald's,place_2,2,2,0,0,0,0,0,0,0,0,0,1,2,0,1,1,0,0
2021-01-05,McDonald's,place_26,2,2,0,0,0,0,0,0,0,0,0,0,2,0,2,0,0,0
2021-01-05,McDonald's,place_28,2,2,0,0,0,0,0,0,1,0,1,0,2,0,1,0,0,0
2021-01-05,McDonald's,place_33,1,1,0,0,1,0,0,0,0,0,0,0,1,0,1,0,0,0
2021-01-05,McDonald's,place_4,2,1,0,0,1,0,0,0,0,0,0,0,1,0,1,0,0,0
2021-01-05,McDonald's,place_5,1,1,0,0,0,1,0,0,0,0,0,0,1,0,1,0,0,0
2021-01-05,Mercedes,place_233,2,1,0,0,0,1,0,0,0,0,0,0,1,0,1,0,0,0
2021-01-05,Mercedes,place_234,2,2,0,0,0,0,0,0,0,0,0,1,2,0,1,0,0,0
2021-01-05,Renault,place_238,1,1,0,0,0,0,0,0,1,1,0,0,1,0,0,0,0,0
2021-01-05,Renault,place_244,1,1,0,0,0,0,0,0,1,0,0,0,1,0,0,0,0,0
2021-01-05,Rewe,place_138,7,4,0,0,0,1,0,0,2,0,0,0,4,0,2,0,0,0
2021-01-05,Rewe,place_141,1,1,0,0,0,0,0,0,0,0,0,0,1,0,1,0,1,0
2021-01-05,Rewe,place_145,1,1,0,0,0,0,0,0,0,0,0,1,1,1,0,0,0,0
2021-01-05,Rewe,place_148,4,3,1,1,0,0,0,0,0,0,0,0,3,0,3,0,0,0
2021-01-05,Rewe,place_153,1,1,0,0,0,0,0,0,1,0,1,0,1,0,0,0,0,0
2021-01-05,Rewe,place_159,3,2,0,0,0,0,0,0,0,0,0,1,2,0,1,0,0,0
2021-01-05,Rewe,place_160,1,1,0,0,1,0,0,0,0,0,0,1,1,1,0,0,0,0
2021-01-05,Rewe,place_162,1,1,0,0,1,0,0,1,0,0,0,1,1,0,0,0,0,0
2021-01-05,Rewe,place_171,2,2,0,0,0,0,0,0,2,0,0,0,2,1,0,0,0,0
2021-01-05,Rewe,place_172,1,1,0,0,0,0,0,0,0,0,0,0,1,0,1,0,0,0
2021-01-05,Rewe,place_173,1,1,0,0,0,0,0,0,0,0,0,0,1,0,1,0,0,0
2021-01-05,Rewe,place_183,4,2,0,0,0,0,0,0,0,0,0,0,2,0,2,0,0,1
2021-01-05,Rewe,place_191,2,1,0,0,0,0,0,0,0,0,0,0,1,0,1,0,0,0
2021-01-05,Rewe,place_193,6,2,0,0,0,1,0,0,1,2,0,1,2,0,0,0,0,1
2021-01-05,Rewe,place_194,2,2,0,0,0,0,0,1,1,0,0,1,2,0,0,0,1,0
2021-01-05,Rewe,place_196,3,1,1,0,0,1,0,0,0,1,0,0,1,0,1,0,0,0
2021-01-05,Rewe,place_198,2,1,0,0,0,0,0,0,0,0,0,0,1,0,1,0,0,0
2021-01-05,Rewe,place_200,1,1,0,1,0,0,0,0,0,0,0,1,1,0,0,0,0,0
2021-01-05,Rewe,place_203,6,1,0,0,0,0,0,0,0,0,0,1,1,1,0,0,0,0
2021-01-05,Rewe,place_204,2,1,0,0,0,0,0,0,1,0,0,0,1,0,0,0,0,0
2021-01-05,Rewe,place_205,3,1,0,0,0,0,0,0,0,0,0,0,1,0,1,0,0,0
2021-01-05,Rewe,place_209,1,1,0,0,0,0,0,0,1,0,0,0,1,0,0,0,0,0
2021-01-05,Rewe,place_210,1,1,0,0,1,0,0,0,0,0,0,0,1,0,1,0,0,0
2021-01-05,Rewe,place_211,1,1,0,1,0,0,0,0,0,0,0,0,1,0,1,0,0,0
2021-01-06,Aldi,place_102,2,2,0,0,0,0,0,0,0,0,0,0,2,0,2,0,0,0
2021-01-06,Aldi,place_105,1,1,0,0,0,0,0,0,1,0,0,0,1,0,0,0,0,0
2021-01-06,Aldi,place_106,1,1,1,0,0,0,0,0,0,0,0,0,1,0,1,0,0,0
2021-01-06,Aldi,place_109,1,1,0,0,0,0,0,0,0,0,0,0,1,1,1,0,0,0
2021-01-06,Aldi,place_111,3,2,0,0,0,0,0,0,2,0,0,0,2,0,0,0,0,0
2021-01-06,Aldi,place_113,1,1,0,0,0,0,0,0,1,0,0,0,1,0,0,0,0,0
2021-01-06,Aldi,place_125,1,1,0,0,0,0,0,0,0,0,0,0,1,0,1,0,0,0
2021-01-06,Aldi,place_131,2,2,0,0,0,0,0,0,0,0,0,0,2,0,2,0,0,0
2021-01-06,Aldi,place_132,2,1,0,0,0,0,0,0,0,0,0,0,1,0,1,0,0,0
2021-01-06,Aldi,place_134,4,1,0,0,0,0,0,0,0,0,0,0,1,0,1,0,0,0
2021-01-06,Aldi,place_58,2,1,0,0,0,0,0,0,0,0,0,0,1,0,1,0,0,0
2021-01-06,Aldi,place_60,2,1,0,0,0,0,0,0,0,0,0,0,1,1,1,0,0,0
2021-01-06,Aldi,place_66,1,1,0,0,0,0,0,0,0,0,0,0,1,0,1,0,0,0
2021-01-06,Aldi,place_74,1,1,0,0,0,0,0,0,0,0,0,0,1,0,1,0,0,0
2021-01-06,Aldi,place_80,1,1,0,0,0,0,0,0,1,0,0,0,1,0,0,0,0,0
2021-01-06,Aldi,place_84,1,1,0,0,0,0,0,0,0,0,0,0,1,0,1,0,0,0
2021-01-06,Aldi,place_87,2,2,0,1,0,0,0,0,1,0,0,1,2,0,0,0,0,0
2021-01-06,Burger King,place_48,1,1,0,0,0,0,0,0,0,0,0,1,1,0,0,0,0,0
2021-01-06,Burger King,place_50,1,1,0,0,0,1,0,0,1,0,0,0,1,0,0,0,0,0
2021-01-06,Kaufland,place_213,4,3,0,0,0,0,0,0,1,0,0,1,3,0,1,0,0,0
2021-01-06,Kaufland,place_214,8,5,0,0,0,0,0,1,1,0,0,1,5,0,3,0,0,0
2021-01-06,Kaufland,place_215,6,3,0,0,0,1,0,0,2,1,0,0,3,1,1,1,1,0
2021-01-06,Kaufland,place_216,3,3,0,1,0,0,1,1,2,0,0,0,2,1,1,0,0,0
2021-01-06,Kaufland,place_217,2,2,0,0,0,0,0,0,1,0,0,0,2,0,1,0,0,0
2021-01-06,Kaufland,place_219,1,1,0,0,0,0,0,0,0,1,0,0,1,0,1,0,0,0
2021-01-06,Kaufland,place_221,3,3,0,0,0,0,0,0,0,1,0,1,3,0,2,0,0,0
2021-01-06,Kaufland,place_223,2,2,0,0,0,0,1,0,1,0,0,0,1,0,1,0,0,0
2021-01-06,Kaufland,place_224,6,3,0,0,0,0,0,0,1,0,0,1,3,0,1,0,0,0
2021-01-06,Kaufland,place_225,11,4,0,0,0,0,0,0,2,0,0,0,4,0,2,0,0,0
2021-01-06,Kaufland,place_227,4,3,0,0,0,0,0,0,0,0,0,0,3,0,3,1,0,0
2021-01-06,Lexus,place_245,1,1,0,0,0,0,0,0,1,0,0,0,1,0,0,0,1,0
2021-01-06,McDonald's,place_1,1,1,0,0,1,0,0,0,0,0,0,0,1,0,1,0,0,0
2021-01-06,McDonald's,place_13,1,1,0,0,0,0,0,0,1,0,0,0,1,0,0,0,0,0
2021-01-06,McDonald's,place_2,1,1,0,1,0,0,0,0,1,0,0,0,1,0,0,0,0,0
2021-01-06,McDonald's,place_29,1,1,0,0,0,0,0,0,0,1,0,0,1,0,1,0,0,0
2021-01-06,McDonald's,place_3,1,1,0,0,0,0,0,0,0,0,0,0,1,0,1,0,0,0
2021-01-06,McDonald's,place_4,3,1,0,0,1,0,0,0,0,0,0,0,1,0,1,0,0,0
2021-01-06,McDonald's,place_5,1,1,0,0,1,0,0,0,0,0,0,1,1,1,0,0,0,0
2021-01-06,Mercedes,place_232,2,1,1,0,0,0,0,0,0,0,0,0,1,0,1,0,0,0
2021-01-06,Rewe,place_145,1,1,0,0,0,0,0,0,0,0,0,0,1,0,1,1,0,0
2021-01-06,Rewe,place_148,2,2,0,0,0,0,0,0,0,1,1,0,2,0,2,0,0,0
2021-01-06,Rewe,place_154,5,2,0,1,0,0,0,0,1,0,0,0,2,0,1,0,0,0
2021-01-06,Rewe,place_156,1,1,0,1,0,0,1,0,0,0,0,0,0,0,1,1,0,0
2021-01-06,Rewe,place_159,3,3,0,0,0,0,1,0,0,1,1,2,2,0,1,0,1,0
2021-01-06,Rewe,place_160,3,3,0,0,0,0,0,0,0,1,1,3,3,0,0,0,1,0
2021-01-06,Rewe,place_161,1,1,0,0,0,0,0,0,0,0,0,0,1,0,1,0,0,0
2021-01-06,Rewe,place_162,1,1,0,1,0,0,0,0,0,0,0,0,1,0,1,0,0,0
2021-01-06,Rewe,place_171,1,1,0,0,0,0,0,0,1,0,0,0,1,0,0,0,0,0
2021-01-06,Rewe,place_178,4,2,0,0,0,0,0,0,1,0,0,0,2,0,1,0,1,0
2021-01-06,Rewe,place_179,2,2,0,1,0,0,1,0,0,0,0,1,1,0,1,0,0,1
2021-01-06,Rewe,place_182,1,1,0,0,0,0,0,0,0,0,0,0,1,0,1,0,0,0
2021-01-06,Rewe,place_189,1,1,0,0,0,0,0,0,1,0,1,0,1,0,0,0,0,0
2021-01-06,Rewe,place_190,2,2,0,0,0,0,0,1,1,0,0,0,2,0,1,0,0,0
2021-01-06,Rewe,place_191,1,1,0,0,0,0,0,0,0,0,0,0,1,0,1,0,0,0
2021-01-06,Rewe,place_193,5,1,0,0,0,0,0,0,0,1,0,1,1,0,0,0,0,0
2021-01-06,Rewe,place_195,2,1,0,0,0,0,0,0,1,0,0,0,1,0,0,0,0,0
2021-01-06,Rewe,place_200,1,1,0,0,0,0,0,0,0,0,0,0,1,0,1,0,0,0
2021-01-06,Rewe,place_203,2,2,0,0,0,0,0,0,0,0,0,0,2,0,2,0,0,0
2021-01-06,Rewe,place_204,1,1,0,1,0,0,0,0,0,0,0,1,1,0,0,0,0,0
2021-01-06,Rewe,place_209,2,2,0,0,0,0,0,0,0,0,0,1,2,0,1,0,0,0
2021-01-06,Rewe,place_210,3,1,0,0,1,0,0,0,0,0,0,0,1,0,1,0,0,0
2021-01-06,Rewe,place_211,1,1,0,0,0,0,0,0,0,0,0,1,1,0,0,0,0,0
2021-01-07,Aldi,place_107,1,1,0,0,0,0,0,0,0,1,0,0,1,0,1,0,0,0
2021-01-07,Aldi,place_108,1,1,0,0,0,0,0,0,1,0,0,0,1,0,0,0,0,0
2021-01-07,Aldi,place_111,1,1,0,0,0,0,0,0,0,0,0,0,1,0,1,0,0,0
2021-01-07,Aldi,place_116,1,1,0,0,1,0,0,0,1,0,0,0,1,1,0,0,0,0
2021-01-07,Aldi,place_129,1,1,0,0,0,0,0,0,0,0,1,0,1,0,1,0,0,0
2021-01-07,Aldi,place_135,4,3,0,0,0,0,0,0,0,1,0,0,3,1,3,1,0,0
2021-01-07,Aldi,place_136,2,1,0,0,0,0,0,0,0,0,0,1,1,0,0,0,0,0
2021-01-07,Aldi,place_58,2,2,0,0,0,0,0,0,1,0,0,0,2,1,1,0,0,0
2021-01-07,Aldi,place_61,2,2,0,1,0,0,0,0,0,1,1,0,2,0,2,0,0,0
2021-01-07,Aldi,place_62,3,2,0,0,0,0,0,0,0,0,0,1,2,0,1,0,0,0
2021-01-07,Aldi,place_73,1,1,0,0,0,0,0,1,0,0,0,0,1,0,1,0,0,0
2021-01-07,Aldi,place_79,1,1,0,0,0,0,0,1,0,0,0,0,1,0,1,0,0,0
2021-01-07,Aldi,place_82,2,2,0,0,0,0,0,0,0,0,0,0,2,0,2,0,0,0
2021-01-07,Aldi,place_89,2,1,0,0,0,0,0,0,0,0,0,0,1,0,1,0,0,0
2021-01-07,Aldi,place_91,1,1,0,0,0,0,0,0,0,0,0,0,1,0,1,0,0,0
2021-01-07,Aldi,place_97,2,1,0,0,0,0,0,0,0,0,0,1,1,0,0,0,0,0
2021-01-07,Burger King,place_48,1,1,0,0,0,0,0,0,1,0,0,0,1,0,0,0,0,0
2021-01-07,Kaufland,place_213,7,4,0,0,0,0,0,0,1,0,0,0,4,1,3,0,1,0
2021-01-07,Kaufland,place_214,8,7,2,0,0,0,0,0,1,0,1,3,7,0,3,0,0,0
2021-01-07,Kaufland,place_215,7,7,0,0,2,1,2,1,1,0,0,1,5,0,4,0,1,0
2021-01-07,Kaufland,place_217,1,1,0,0,0,0,0,0,0,0,0,0,1,0,1,0,0,1
2021-01-07,Kaufland,place_218,4,3,0,0,0,0,1,0,1,0,0,1,2,1,1,0,0,0
2021-01-07,Kaufland,place_219,4,2,0,1,0,1,0,0,0,1,0,0,2,0,2,0,0,0
2021-01-07,Kaufland,place_220,3,3,0,0,0,0,0,0,0,0,1,2,3,0,1,0,0,0
2021-01-07,Kaufland,place_221,2,2,0,1,0,0,0,1,1,0,0,0,2,0,1,0,0,0
2021-01-07,Kaufland,place_223,5,3,0,0,0,0,0,0,0,0,0,0,3,0,3,0,0,0
2021-01-07,Kaufland,place_224,7,5,0,0,0,0,0,0,3,1,0,1,5,0,1,0,0,0
2021-01-07,Kaufland,place_225,6,3,0,0,0,0,0,0,1,0,0,0,3,0,2,0,0,0
2021-01-07,Kaufland,place_226,3,3,1,0,0,0,1,0,1,1,0,0,2,0,2,1,0,0
2021-01-07,Kaufland,place_227,1,1,0,0,0,0,0,0,1,0,0,0,1,0,0,0,0,0
2021-01-07,Lexus,place_245,3,3,1,0,0,0,0,0,0,0,0,2,3,0,1,0,0,0
2021-01-07,McDonald's,place_28,1,1,0,0,0,0,0,1,0,0,0,0,1,0,1,0,0,0
2021-01-07,McDonald's,place_5,2,1,0,0,0,0,0,0,1,0,0,0,1,0,0,0,0,0
2021-01-07,Renault,place_238,1,1,0,0,0,0,0,0,0,0,0,1,1,0,0,0,0,0
2021-01-07,Rewe,place_138,4,3,0,0,0,1,0,0,1,0,0,0,3,0,2,0,0,0
2021-01-07,Rewe,place_141,2,2,0,0,1,0,0,0,2,1,0,0,2,1,0,0,1,0
2021-01-07,Rewe,place_144,1,1,0,0,0,0,0,0,0,0,1,0,1,0,1,0,0,0
2021-01-07,Rewe,place_146,1,1,0,0,0,0,0,0,0,0,0,0,1,0,1,0,0,0
2021-01-07,Rewe,place_153,4,2,0,0,0,0,0,0,0,1,0,2,2,0,0,0,0,0
2021-01-07,Rewe,place_154,1,1,0,0,0,0,0,0,0,0,0,0,1,1,1,0,0,0
2021-01-07,Rewe,place_156,3,1,1,0,0,0,0,0,0,0,0,0,1,0,1,0,0,0
2021-01-07,Rewe,place_159,5,3,0,0,0,0,1,0,0,1,0,2,2,0,1,0,1,0
2021-01-07,Rewe,place_160,2,1,0,0,1,0,0,0,0,0,0,1,1,1,0,0,0,0
2021-01-07,Rewe,place_175,1,1,0,0,0,0,0,0,0,0,0,0,1,0,1,0,1,0
2021-01-07,Rewe,place_179,1,1,0,0,0,0,0,0,0,0,0,0,1,0,1,0,0,1
2021-01-07,Rewe,place_180,1,1,0,0,0,0,0,0,0,0,0,0,1,0,1,0,1,0
2021-01-07,Rewe,place_190,1,1,0,0,0,0,0,0,0,0,0,0,1,0,1,0,0,0
2021-01-07,Rewe,place_191,1,1,1,0,0,0,0,0,1,0,0,0,1,0,0,0,0,0
2021-01-07,Rewe,place_193,2,2,0,0,0,0,0,0,0,1,0,1,2,0,1,0,0,0
2021-01-07,Rewe,place_195,1,1,0,0,0,0,0,0,0,0,0,1,1,0,0,0,0,0
2021-01-07,Rewe,place_198,1,1,0,0,0,0,0,0,0,0,0,0,1,0,1,0,0,0
2021-01-07,Rewe,place_200,1,1,0,0,0,0,0,0,0,0,0,0,1,0,1,0,0,0
2021-01-07,Rewe,place_203,1,1,0,0,0,0,0,0,0,1,0,0,1,0,1,0,0,0
2021-01-07,Rewe,place_207,1,1,0,0,0,1,0,0,0,0,0,1,1,0,0,0,0,0
2021-01-07,Rewe,place_209,2,2,0,0,0,0,0,0,1,2,0,0,2,0,1,0,0,0
2021-01-07,Rewe,place_210,5,2,0,0,1,0,0,0,0,0,0,1,2,0,1,0,0,0
2021-01-08,Aldi,place_106,1,1,0,0,0,0,0,0,0,0,0,0,1,1,1,0,0,0
2021-01-08,Aldi,place_107,1,1,0,0,0,0,0,0,1,0,0,0,1,0,0,0,0,0
2021-01-08,Aldi,place_113,1,1,0,0,0,1,0,0,0,0,1,0,1,0,1,1,0,0
2021-01-08,Aldi,place_119,1,1,0,0,0,0,0,0,0,0,0,0,1,0,1,0,0,0
2021-01-08,Aldi,place_121,1,1,0,0,0,0,0,0,0,0,0,0,1,0,1,0,0,0
2021-01-08,Aldi,place_123,1,1,0,0,0,1,0,0,0,0,0,0,1,0,1,0,0,0
2021-01-08,Aldi,place_125,9,1,0,0,0,0,0,0,0,0,0,0,1,0,1,0,0,0
2021-01-08,Aldi,place_132,4,1,0,0,0,0,0,0,0,0,0,0,1,0,1,0,0,0
2021-01-08,Aldi,place_135,3,2,0,0,0,0,0,0,1,0,0,1,2,0,0,1,0,0
2021-01-08,Aldi,place_54,1,1,0,0,0,0,0,0,0,0,0,0,1,0,1,0,0,0
2021-01-08,Aldi,place_61,1,1,0,0,0,1,0,0,0,0,0,1,1,0,0,0,0,0
2021-01-08,Aldi,place_77,1,1,0,0,0,0,0,0,0,1,0,0,1,0,1,0,0,0
2021-01-08,Aldi,place_79,1,1,0,0,0,0,0,1,0,0,0,0,1,0,1,0,0,0
2021-01-08,Aldi,place_80,1,1,0,0,0,0,0,0,0,0,0,0,1,0,1,0,0,0
2021-01-08,Aldi,place_82,1,1,0,0,0,0,0,0,0,0,0,0,1,0,1,0,0,0
2021-01-08,Aldi,place_83,1,1,0,0,0,0,0,0,0,0,0,0,1,0,1,0,0,0
2021-01-08,Aldi,place_92,2,2,0,0,0,0,0,0,1,0,0,1,2,1,0,1,0,0
2021-01-08,Aldi,place_98,1,1,0,0,0,0,1,0,0,0,0,0,0,0,1,0,0,0
2021-01-08,Burger King,place_35,1,1,0,1,0,0,0,0,0,0,0,1,1,0,0,0,0,0
2021-01-08,Burger King,place_40,2,1,0,0,0,0,0,0,0,0,0,1,1,0,0,0,0,0
2021-01-08,Kaufland,place_213,6,4,0,1,0,0,1,0,0,0,1,1,3,0,3,1,0,0
2021-01-08,Kaufland,place_214,8,7,0,0,0,0,0,1,0,2,0,2,7,1,5,0,1,1
2021-01-08,Kaufland,place_215,5,4,0,0,0,0,0,0,1,0,0,0,4,1,3,1,0,1
2021-01-08,Kaufland,place_216,5,3,0,0,0,0,0,0,0,0,0,0,3,0,3,0,0,0
2021-01-08,Kaufland,place_218,2,2,0,0,0,0,1,0,0,2,1,0,1,1,1,1,1,0
2021-01-08,Kaufland,place_219,3,3,0,1,0,0,0,0,0,0,0,1,3,0,2,0,0,0
2021-01-08,Kaufland,place_220,2,2,0,0,1,0,0,0,0,0,1,1,2,0,1,0,0,0
2021-01-08,Kaufland,place_221,3,2,0,0,0,0,0,0,0,0,0,0,2,0,2,1,0,0
2021-01-08,Kaufland,place_223,4,4,0,0,0,0,0,0,3,0,1,0,4,1,1,0,1,0
2021-01-08,Kaufland,place_225,6,4,0,0,0,0,0,0,1,1,0,0,4,0,3,0,0,0
2021-01-08,Kaufland,place_226,3,3,0,0,0,0,0,0,1,0,0,0,3,1,2,1,0,0
2021-01-08,Kaufland,place_227,13,9,0,1,0,2,1,1,1,0,0,3,8,0,5,0,0,0
2021-01-08,McDonald's,place_1,1,1,0,0,0,0,0,0,0,0,0,1,1,0,0,0,0,0
2021-01-08,McDonald's,place_15,3,1,0,0,0,0,1,0,0,1,0,0,0,0,1,0,0,0
2021-01-08,McDonald's,place_19,1,1,0,0,0,0,0,0,0,0,0,0,1,0,1,1,0,0
2021-01-08,McDonald's,place_3,5,3,1,1,0,0,1,0,0,0,1,0,2,0,3,0,0,0
2021-01-08,McDonald's,place_8,1,1,0,1,0,0,0,0,0,0,0,0,1,0,1,0,0,0
2021-01-08,Renault,place_241,1,1,0,0,0,0,0,0,0,0,0,0,1,0,1,0,0,0
2021-01-08,Rewe,place_138,2,2,1,0,0,0,0,0,0,0,1,0,2,0,2,0,0,0
2021-01-08,Rewe,place_140,1,1,0,0,0,0,0,0,0,0,0,0,1,0,1,0,0,0
2021-01-08,Rewe,place_141,2,2,0,0,0,0,0,0,0,1,0,1,2,0,1,0,0,0
2021-01-08,Rewe,place_148,1,1,1,0,0,0,0,0,0,0,0,1,1,0,0,0,1,0
2021-01-08,Rewe,place_151,2,1,1,0,0,0,0,0,0,0,0,0,1,0,1,0,0,1
2021-01-08,Rewe,place_153,1,1,0,0,0,0,0,0,0,0,0,0,1,0,1,0,0,0
2021-01-08,Rewe,place_154,3,3,0,0,0,0,1,0,0,0,0,1,2,0,2,0,0,0
2021-01-08,Rewe,place_157,1,1,0,0,0,0,0,0,0,0,0,1,1,0,0,0,0,1
2021-01-08,Rewe,place_159,5,2,0,0,0,0,1,0,0,1,0,1,1,0,1,0,1,0
2021-01-08,Rewe,place_160,1,1,0,0,1,0,0,0,0,0,0,1,1,1,0,0,0,0
2021-01-08,Rewe,place_161,1,1,0,0,0,0,0,0,0,0,0,1,1,0,0,0,0,0
2021-01-08,Rewe,place_164,1,1,0,0,0,0,0,0,0,0,0,0,1,0,1,0,0,0
2021-01-08,Rewe,place_165,1,1,0,0,0,0,0,0,0,0,1,0,1,0,1,0,0,0
2021-01-08,Rewe,place_173,1,1,0,1,0,0,1,0,0,1,0,0,0,0,1,0,0,0
2021-01-08,Rewe,place_175,2,2,0,0,0,0,0,0,0,1,0,0,2,0,2,0,0,0
2021-01-08,Rewe,place_178,1,1,0,1,0,0,0,0,0,0,0,1,1,1,0,0,0,0
2021-01-08,Rewe,place_179,1,1,0,0,0,0,0,0,0,0,0,0,1,0,1,0,0,0
2021-01-08,Rewe,place_180,2,2,0,0,0,0,0,0,1,0,0,0,2,1,1,0,0,0
2021-01-08,Rewe,place_182,2,2,0,0,0,0,0,0,1,0,0,1,2,0,0,0,0,0
2021-01-08,Rewe,place_183,3,2,0,0,0,0,0,0,0,0,0,0,2,0,2,0,0,0
2021-01-08,Rewe,place_189,1,1,0,0,0,0,0,1,0,0,0,1,1,0,0,0,0,0
2021-01-08,Rewe,place_191,3,3,0,0,0,0,0,0,0,0,0,0,3,0,3,0,0,0
2021-01-08,Rewe,place_193,3,2,0,0,0,1,0,0,1,2,0,1,2,0,0,0,0,1
2021-01-08,Rewe,place_195,2,1,0,0,0,0,0,0,0,0,0,1,1,0,0,0,0,0
2021-01-08,Rewe,place_196,3,1,0,0,1,0,0,0,0,0,0,0,1,0,1,0,0,0
2021-01-08,Rewe,place_198,1,1,0,0,0,0,0,1,0,1,0,0,1,0,1,0,1,0
2021-01-08,Rewe,place_199,1,1,0,0,0,0,0,1,0,0,0,0,1,0,1,0,0,0
2021-01-08,Rewe,place_200,2,2,0,0,0,0,0,0,0,0,0,0,2,0,2,0,0,0
2021-01-08,Rewe,place_203,3,1,0,0,0,0,0,0,0,0,0,1,1,0,0,0,0,0
2021-01-08,Rewe,place_204,1,1,1,0,0,0,0,0,0,0,0,0,1,0,1,0,0,0
2021-01-08,Rewe,place_205,1,1,0,0,0,0,0,0,0,0,0,1,1,0,0,0,0,0
2021-01-08,Rewe,place_209,3,2,0,0,0,0,0,0,0,0,0,1,2,0,1,0,0,0
2021-01-08,Rewe,place_210,7,2,0,0,1,0,0,0,1,0,0,0,2,0,1,0,0,0
2021-01-08,Rewe,place_211,1,1,0,0,1,0,0,0,0,0,0,0,1,0,1,0,0,0
2021-01-09,Aldi,place_102,1,1,0,1,0,0,0,0,0,0,0,1,1,0,0,0,0,0
2021-01-09,Aldi,place_111,3,1,0,0,0,1,0,0,0,0,0,0,1,0,1,0,0,0
2021-01-09,Aldi,place_116,1,1,0,0,0,0,0,0,0,0,0,0,1,0,1,1,0,0
2021-01-09,Aldi,place_119,3,2,0,0,0,0,0,1,0,0,0,1,2,0,1,1,0,0
2021-01-09,Aldi,place_121,1,1,1,0,0,0,0,0,0,0,0,0,1,1,1,0,0,0
2021-01-09,Aldi,place_124,2,2,0,0,0,0,0,0,0,0,0,0,2,0,2,1,0,0
2021-01-09,Aldi,place_125,3,1,0,0,0,0,0,0,0,0,0,1,1,0,0,0,0,0
2021-01-09,Aldi,place_127,2,1,0,1,0,0,0,0,0,0,0,0,1,0,1,1,0,0
2021-01-09,Aldi,place_132,2,1,0,0,0,0,0,0,0,0,0,0,1,0,1,0,0,0
2021-01-09,Aldi,place_135,2,2,0,0,0,0,0,1,0,0,0,0,2,0,2,0,0,0
2021-01-09,Aldi,place_62,2,1,0,0,0,0,0,0,0,0,0,0,1,0,1,0,0,0
2021-01-09,Aldi,place_77,1,1,0,0,0,0,0,0,0,0,0,1,1,0,0,0,0,0
2021-01-09,Aldi,place_79,1,1,0,0,0,0,0,0,0,0,0,0,1,0,1,0,1,0
2021-01-09,Aldi,place_82,5,2,0,0,0,0,0,0,0,0,0,1,2,0,1,0,0,1
2021-01-09,Aldi,place_83,1,1,0,0,0,0,0,1,0,0,0,0,1,0,1,0,0,0
2021-01-09,Aldi,place_86,1,1,0,0,0,0,0,0,0,0,0,1,1,0,0,0,0,0
2021-01-09,Aldi,place_89,1,1,0,0,0,0,0,0,0,0,0,0,1,1,1,0,0,0
2021-01-09,Aldi,place_98,1,1,0,0,0,0,0,0,0,0,0,0,1,0,1,0,0,0
2021-01-09,Burger King,place_40,1,1,0,0,0,0,0,0,0,0,0,0,1,0,1,0,0,0
2021-01-09,Kaufland,place_213,9,5,0,0,0,0,0,0,0,0,0,1,5,0,4,0,0,1
2021-01-09,Kaufland,place_214,20,17,0,1,1,0,0,0,5,1,0,5,17,0,7,0,4,0
2021-01-09,Kaufland,place_215,5,4,0,0,1,0,0,0,0,0,0,0,4,1,4,0,0,1
2021-01-09,Kaufland,place_216,6,5,1,0,0,0,0,0,1,0,0,2,5,0,2,0,0,0
2021-01-09,Kaufland,place_217,1,1,0,0,0,0,0,0,0,1,0,0,1,0,1,0,0,0
2021-01-09,Kaufland,place_218,5,4,0,0,0,0,1,0,0,1,0,1,3,0,3,0,1,0
2021-01-09,Kaufland,place_219,2,2,0,0,0,0,0,0,0,0,0,0,2,0,2,0,0,0
2021-01-09,Kaufland,place_220,4,3,0,0,0,0,0,1,0,0,0,2,3,1,1,0,0,0
2021-01-09,Kaufland,place_221,3,3,0,0,0,0,0,0,1,0,0,1,3,1,1,0,1,0
2021-01-09,Kaufland,place_223,3,3,0,0,0,0,0,0,1,1,0,0,3,1,2,0,1,0
2021-01-09,Kaufland,place_224,1,1,0,0,0,1,0,0,0,0,0,0,1,0,1,0,0,0
2021-01-09,Kaufland,place_225,1,1,0,0,1,0,0,0,1,0,0,0,1,1,0,0,0,0
2021-01-09,Kaufland,place_226,4,4,2,0,0,1,0,0,2,0,1,1,4,0,1,0,0,0
2021-01-09,Kaufland,place_227,2,2,0,0,0,0,0,0,1,1,0,0,2,0,1,0,0,0
2021-01-09,McDonald's,place_14,1,1,0,0,1,0,0,0,0,0,0,0,1,0,1,0,0,0
2021-01-09,McDonald's,place_25,1,1,0,1,0,0,0,0,0,0,0,1,1,0,0,0,0,0
2021-01-09,McDonald's,place_26,1,1,0,0,0,0,0,0,0,0,0,0,1,0,1,0,0,0
2021-01-09,McDonald's,place_27,1,1,0,0,0,0,0,1,0,1,0,0,1,0,1,0,0,0
2021-01-09,McDonald's,place_3,1,1,0,0,0,0,0,0,0,1,0,1,1,0,0,0,0,1
2021-01-09,McDonald's,place_32,2,1,0,0,1,0,0,0,0,0,0,0,1,0,1,0,0,0
2021-01-09,McDonald's,place_8,2,1,1,0,1,0,0,0,0,0,0,0,1,0,1,0,0,0
2021-01-09,Rewe,place_138,10,4,0,0,0,1,0,0,1,1,1,0,4,0,3,0,0,0
2021-01-09,Rewe,place_140,1,1,0,0,0,0,1,0,1,0,0,0,0,0,0,0,0,0
2021-01-09,Rewe,place_141,1,1,0,0,0,0,0,0,0,0,0,0,1,0,1,0,0,0
2021-01-09,Rewe,place_144,3,2,0,0,1,0,0,0,0,0,0,0,2,1,2,0,0,0
2021-01-09,Rewe,place_148,4,4,0,1,1,0,0,0,1,1,1,0,4,0,3,0,0,0
2021-01-09,Rewe,place_151,2,2,0,1,0,0,1,0,0,0,0,0,1,0,2,0,0,0
2021-01-09,Rewe,place_152,1,1,0,0,0,0,0,0,0,0,0,0,1,0,1,0,0,1
2021-01-09,Rewe,place_153,2,2,0,0,0,0,0,0,0,0,0,0,2,0,2,0,0,0
2021-01-09,Rewe,place_154,1,1,0,1,0,0,0,0,1,0,0,0,1,0,0,0,0,0
2021-01-09,Rewe,place_156,3,1,0,0,0,0,0,0,0,0,0,0,1,0,1,0,0,0
2021-01-09,Rewe,place_157,1,1,0,0,0,0,0,0,1,0,0,0,1,0,0,0,0,0
2021-01-09,Rewe,place_158,3,3,1,0,0,0,0,0,1,0,0,2,3,0,0,0,0,1
2021-01-09,Rewe,place_159,4,3,0,0,0,0,2,0,0,1,0,1,1,0,2,0,1,0
2021-01-09,Rewe,place_160,1,1,0,0,1,0,0,0,0,0,0,1,1,1,0,0,0,0
2021-01-09,Rewe,place_164,1,1,0,0,0,0,0,0,0,0,0,0,1,0,1,0,0,0
2021-01-09,Rewe,place_165,2,1,0,0,0,0,0,0,0,0,1,1,1,0,0,0,0,0
2021-01-09,Rewe,place_170,1,1,0,0,0,0,0,0,1,0,1,0,1,0,0,0,0,0
2021-01-09,Rewe,place_172,1,1,0,0,0,0,0,0,0,0,0,0,1,0,1,0,0,0
2021-01-09,Rewe,place_173,2,2,0,0,0,0,0,0,1,1,0,0,2,0,1,0,0,1
2021-01-09,Rewe,place_182,1,1,0,0,0,0,0,0,0,0,0,0,1,0,1,0,0,0
2021-01-09,Rewe,place_187,1,1,0,0,0,0,0,0,0,0,0,0,1,0,1,0,0,0
2021-01-09,Rewe,place_191,11,8,0,1,1,0,0,0,3,0,1,0,8,0,5,0,0,0
2021-01-09,Rewe,place_192,1,1,0,0,0,0,0,0,0,0,0,1,1,0,0,0,0,0
2021-01-09,Rewe,place_193,5,1,0,0,0,0,0,0,0,1,0,1,1,0,0,0,0,0
2021-01-09,Rewe,place_194,1,1,0,0,0,0,0,0,0,1,0,0,1,0,1,0,1,0
2021-01-09,Rewe,place_196,1,1,0,0,0,0,0,0,0,0,0,1,1,0,0,0,0,0
2021-01-09,Rewe,place_200,3,2,0,0,1,0,0,0,0,1,0,2,2,0,0,0,0,0
2021-01-09,Rewe,place_203,2,2,0,0,0,0,0,0,1,0,0,1,2,1,0,0,0,0
2021-01-09,Rewe,place_204,6,3,1,0,0,0,0,0,1,0,0,1,3,0,1,0,0,0
2021-01-09,Rewe,place_205,2,2,1,0,1,0,0,0,0,0,0,0,2,0,2,0,0,0
2021-01-09,Rewe,place_207,2,1,0,1,0,0,0,0,0,0,0,0,1,0,1,0,0,0
2021-01-09,Rewe,place_209,2,2,0,0,0,0,0,1,1,1,0,0,2,1,1,0,0,0
2021-01-09,Rewe,place_210,2,1,0,0,1,0,0,0,0,0,0,0,1,0,1,0,0,0
2021-01-09,Rewe,place_211,1,1,0,0,0,0,0,0,0,0,0,0,1,0,1,0,0,0
2021-01-09,Rewe,place_212,1,1,0,0,0,0,0,0,0,0,0,0,1,0,1,0,0,0
2021-01-10,Aldi,place_79,5,2,0,0,0,0,0,1,0,0,0,0,2,0,2,0,0,0
2021-01-10,Burger King,place_40,1,1,0,0,0,0,0,0,0,0,0,1,1,0,0,0,0,0
2021-01-10,Burger King,place_48,1,1,0,0,0,0,0,0,0,0,0,0,1,0,1,0,0,0
2021-01-10,McDonald's,place_13,3,1,0,0,0,0,0,0,0,0,0,0,1,0,1,0,0,0
2021-01-10,McDonald's,place_15,1,1,0,0,0,0,0,0,0,0,0,0,1,0,1,0,1,0
2021-01-10,McDonald's,place_20,4,2,0,0,0,0,0,0,0,0,0,0,2,0,2,0,1,0
2021-01-10,McDonald's,place_22,1,1,0,0,0,0,0,0,0,0,0,0,1,0,1,0,0,0
2021-01-10,McDonald's,place_25,1,1,0,0,0,0,0,0,0,0,0,0,1,0,1,0,0,0
2021-01-10,Rewe,place_140,2,1,0,0,0,0,0,0,0,0,0,1,1,0,0,0,1,0
2021-01-10,Rewe,place_145,1,1,0,0,0,0,0,0,0,0,0,1,1,0,0,0,0,0
2021-01-10,Rewe,place_203,1,1,0,0,0,0,0,0,0,0,0,1,1,0,0,0,1,0
2021-01-10,Rewe,place_210,5,1,0,0,1,0,0,0,0,0,0,0,1,0,1,0,0,0
2021-01-11,Aldi,place_106,1,1,0,0,0,0,0,0,0,0,0,0,1,0,1,1,0,0
2021-01-11,Aldi,place_108,1,1,0,0,0,0,0,0,0,0,0,1,1,0,0,0,0,0
2021-01-11,Aldi,place_109,1,1,0,0,1,0,0,0,0,0,0,1,1,0,0,0,0,0
2021-01-11,Aldi,place_121,3,1,0,0,0,0,0,0,0,0,0,0,1,0,1,0,0,0
2021-01-11,Aldi,place_123,1,1,0,1,1,0,1,0,0,0,0,0,0,0,1,0,0,0
2021-01-11,Aldi,place_135,6,3,0,0,0,0,0,1,2,1,1,0,3,0,1,0,0,0
2021-01-11,Aldi,place_136,2,2,0,0,0,0,0,0,1,0,0,0,2,0,1,0,0,0
2021-01-11,Aldi,place_58,1,1,0,0,0,0,0,1,0,0,0,0,1,0,1,0,0,0
2021-01-11,Aldi,place_60,2,2,0,0,0,0,0,0,0,0,0,0,2,1,2,0,0,1
2021-01-11,Aldi,place_79,2,1,0,0,0,0,1,1,0,1,0,0,0,0,1,0,0,0
2021-01-11,Aldi,place_85,4,1,0,0,0,0,0,1,0,0,0,0,1,0,1,0,0,0
2021-01-11,Aldi,place_91,1,1,0,0,1,0,0,0,0,0,0,0,1,0,1,0,0,0
2021-01-11,Kaufland,place_213,1,1,0,0,0,0,0,0,0,0,0,0,1,0,1,0,0,0
2021-01-11,Kaufland,place_214,7,4,0,0,0,0,0,0,0,0,0,3,4,0,1,0,0,0
2021-01-11,Kaufland,place_215,2,2,0,0,0,0,0,0,1,0,0,0,2,0,1,0,0,0
2021-01-11,Kaufland,place_216,5,4,0,0,0,0,0,0,0,0,0,2,4,2,2,0,1,0
2021-01-11,Kaufland,place_217,1,1,0,0,0,0,0,0,0,0,0,1,1,0,0,0,0,0
2021-01-11,Kaufland,place_220,2,2,1,0,0,0,0,1,1,0,0,0,2,0,1,0,1,0
2021-01-11,Kaufland,place_221,5,4,0,1,0,0,0,1,2,0,0,0,4,0,2,0,0,0
2021-01-11,Kaufland,place_224,3,3,0,0,0,0,1,0,1,0,0,0,2,0,1,1,0,0
2021-01-11,Kaufland,place_225,1,1,0,1,0,0,0,0,0,1,0,1,1,0,0,0,0,0
2021-01-11,Kaufland,place_226,3,3,0,0,0,0,0,0,1,0,0,1,3,0,1,0,0,0
2021-01-11,Kaufland,place_227,2,2,0,1,0,1,0,0,1,0,0,1,2,0,0,0,0,1
2021-01-11,McDonald's,place_14,2,1,0,0,0,0,1,0,0,0,0,0,0,1,1,0,0,0
2021-01-11,McDonald's,place_15,2,1,0,0,0,0,1,0,0,0,0,0,0,0,1,0,0,0
2021-01-11,McDonald's,place_26,1,1,0,0,0,0,0,0,0,0,0,0,1,0,1,0,0,0
2021-01-11,McDonald's,place_28,1,1,0,0,0,0,0,1,0,0,0,0,1,0,1,0,0,0
2021-01-11,McDonald's,place_32,3,3,0,0,0,0,0,0,0,0,0,1,3,0,2,0,0,0
2021-01-11,McDonald's,place_4,1,1,0,0,0,0,0,0,0,0,0,0,1,0,1,0,0,0
2021-01-11,McDonald's,place_5,1,1,0,0,0,0,0,0,0,1,0,0,1,0,1,0,0,0
2021-01-11,Renault,place_238,1,1,0,0,0,0,0,0,1,1,0,0,1,0,0,0,0,0
2021-01-11,Rewe,place_138,1,1,0,0,0,1,0,0,1,0,0,0,1,0,0,0,0,0
2021-01-11,Rewe,place_144,1,1,0,0,0,0,0,0,0,0,1,0,1,0,1,0,0,0
2021-01-11,Rewe,place_145,1,1,0,0,0,0,0,0,0,0,0,0,1,0,1,0,0,0
2021-01-11,Rewe,place_148,4,3,0,0,0,0,0,0,0,0,0,1,3,0,2,0,1,0
2021-01-11,Rewe,place_153,3,1,1,1,0,0,0,0,0,0,0,0,1,0,1,0,0,0
2021-01-11,Rewe,place_154,1,1,0,0,0,0,0,0,0,0,0,0,1,0,1,0,0,0
2021-01-11,Rewe,place_156,1,1,0,0,0,1,0,0,0,0,0,1,1,0,0,0,0,0
2021-01-11,Rewe,place_157,2,2,0,0,0,0,0,0,0,0,0,0,2,0,2,0,0,0
2021-01-11,Rewe,place_158,2,2,0,0,0,0,0,0,0,0,0,1,2,0,1,0,0,0
2021-01-11,Rewe,place_159,8,3,0,0,1,0,1,0,0,1,0,1,2,0,2,0,1,0
2021-01-11,Rewe,place_160,11,1,0,0,1,0,0,0,0,0,0,1,1,1,0,0,0,0
2021-01-11,Rewe,place_164,1,1,0,0,0,0,0,0,0,0,0,0,1,0,1,0,0,0
2021-01-11,Rewe,place_165,1,1,0,0,0,0,0,0,0,0,0,0,1,0,1,0,0,0
2021-01-11,Rewe,place_171,1,1,0,0,0,0,0,0,1,0,0,0,1,0,0,0,0,0
2021-01-11,Rewe,place_172,1,1,0,0,0,0,0,0,0,0,0,1,1,0,0,0,0,0
2021-01-11,Rewe,place_176,1,1,0,0,0,1,0,0,0,0,0,0,1,0,1,0,0,0
2021-01-11,Rewe,place_177,1,1,0,0,0,0,0,0,0,0,0,0,1,0,1,0,0,0
2021-01-11,Rewe,place_178,3,2,0,0,0,1,0,0,0,0,0,1,2,0,1,0,0,0
2021-01-11,Rewe,place_179,1,1,0,0,0,0,0,0,1,0,0,0,1,1,0,0,0,0
2021-01-11,Rewe,place_180,1,1,0,0,0,0,0,0,0,0,0,0,1,0,1,0,0,0
2021-01-11,Rewe,place_182,2,1,0,0,0,0,0,0,0,0,0,0,1,0,1,0,0,0
2021-01-11,Rewe,place_183,1,1,0,0,0,0,1,0,0,0,0,0,0,0,1,0,0,0
2021-01-11,Rewe,place_187,1,1,0,0,0,0,0,0,0,0,0,1,1,0,0,0,0,0
2021-01-11,Rewe,place_189,1,1,0,0,0,0,0,0,1,0,1,0,1,0,0,0,0,0
2021-01-11,Rewe,place_190,1,1,0,0,0,0,0,0,0,0,1,1,1,0,0,0,0,0
2021-01-11,Rewe,place_191,2,2,0,0,1,0,0,0,1,0,0,0,2,0,1,1,0,0
2021-01-11,Rewe,place_193,3,2,0,0,0,0,0,0,0,1,0,2,2,0,0,0,0,0
2021-01-11,Rewe,place_196,1,1,0,0,0,0,0,0,0,0,0,0,1,0,1,0,0,0
2021-01-11,Rewe,place_200,1,1,0,0,0,0,0,0,0,0,0,0,1,0,1,0,1,0
2021-01-11,Rewe,place_203,1,1,0,0,0,0,0,0,0,0,0,0,1,0,1,0,0,0
2021-01-11,Rewe,place_204,1,1,0,0,0,0,0,0,0,0,0,0,1,0,1,0,0,0
2021-01-11,Rewe,place_207,1,1,0,0,0,0,0,0,0,0,0,0,1,0,1,0,0,0
2021-01-11,Rewe,place_209,1,1,0,0,0,0,0,0,1,0,1,0,1,0,0,0,0,0
2021-01-11,Rewe,place_210,5,2,0,0,1,0,0,0,0,0,0,0,2,0,2,0,0,0
2021-01-11,Rewe,place_211,1,1,0,0,0,0,1,1,0,0,0,0,0,0,1,0,0,0
2021-01-12,Aldi,place_107,2,2,0,0,0,0,0,0,2,0,1,0,2,0,0,0,0,0
2021-01-12,Aldi,place_108,1,1,0,0,0,0,0,0,0,0,0,0,1,0,1,0,0,0
2021-01-12,Aldi,place_116,1,1,0,0,0,0,0,0,0,0,0,0,1,0,1,0,0,0
2021-01-12,Aldi,place_123,3,1,0,0,0,0,0,0,0,0,0,1,1,0,0,0,0,0
2021-01-12,Aldi,place_132,3,2,0,0,0,0,0,0,0,0,0,1,2,0,1,0,0,0
2021-01-12,Aldi,place_135,2,2,0,0,0,0,0,0,1,0,0,1,2,0,0,0,0,1
2021-01-12,Aldi,place_60,1,1,0,1,0,0,0,0,1,0,1,0,1,0,0,0,0,0
2021-01-12,Aldi,place_62,2,1,0,0,0,0,0,0,0,0,0,0,1,0,1,0,0,0
2021-01-12,Aldi,place_70,1,1,1,0,0,0,0,0,0,0,0,0,1,0,1,0,0,0
2021-01-12,Aldi,place_79,2,2,0,0,0,0,0,1,0,0,0,0,2,0,2,0,0,0
2021-01-12,Aldi,place_83,1,1,0,1,0,0,0,0,0,0,0,0,1,0,1,0,0,0
2021-01-12,Aldi,place_91,1,1,0,0,0,0,0,0,0,1,0,1,1,0,0,0,0,0
2021-01-12,Aldi,place_98,1,1,0,0,0,0,0,0,1,0,0,0,1,0,0,0,0,0
2021-01-12,Burger King,place_45,1,1,0,0,0,0,0,0,0,1,0,1,1,0,0,0,0,0
2021-01-12,Burger King,place_48,1,1,0,0,0,0,1,0,0,0,0,0,0,0,1,0,0,0
2021-01-12,Kaufland,place_213,3,3,0,0,0,0,0,0,0,0,0,1,3,0,2,0,0,1
2021-01-12,Kaufland,place_214,7,4,0,0,0,0,0,0,0,1,0,2,4,0,2,0,1,0
2021-01-12,Kaufland,place_215,1,1,0,0,0,0,0,0,0,0,1,0,1,0,1,0,0,0
2021-01-12,Kaufland,place_216,1,1,0,0,0,0,0,0,0,0,0,1,1,0,0,0,0,0
2021-01-12,Kaufland,place_217,2,2,0,0,0,0,0,0,0,1,0,2,2,0,0,0,0,0
2021-01-12,Kaufland,place_218,2,2,1,0,0,0,1,0,1,0,0,0,1,0,1,0,0,0
2021-01-12,Kaufland,place_220,4,4,1,0,1,0,0,0,0,0,0,1,4,0,3,0,0,0
2021-01-12,Kaufland,place_221,2,2,0,0,0,0,0,0,0,0,0,0,2,0,2,0,0,1
2021-01-12,Kaufland,place_224,5,5,0,0,0,0,0,0,4,0,0,0,5,0,1,0,0,0
2021-01-12,Kaufland,place_225,4,2,0,0,0,0,0,0,2,0,0,0,2,0,0,0,0,0
2021-01-12,Kaufland,place_226,3,3,0,1,0,0,0,0,1,0,0,0,3,0,2,0,0,0
2021-01-12,Kaufland,place_227,2,1,0,0,0,0,0,0,0,0,0,0,1,0,1,0,0,0
2021-01-12,Lexus,place_245,5,1,0,0,0,0,0,0,0,0,0,1,1,0,0,0,0,0
2021-01-12,McDonald's,place_1,2,1,0,0,0,0,0,0,1,0,0,0,1,0,0,0,0,0
2021-01-12,McDonald's,place_13,2,1,0,0,0,0,0,0,0,0,0,0,1,0,1,0,0,0
2021-01-12,McDonald's,place_22,4,2,0,0,1,0,0,0,1,0,0,0,2,0,1,0,0,0
2021-01-12,McDonald's,place_33,1,1,0,0,0,0,0,0,0,0,1,0,1,0,1,0,0,0
2021-01-12,McDonald's,place_6,1,1,1,0,0,0,1,0,0,0,1,0,0,0,0,0,0,1
2021-01-12,Renault,place_244,1,1,0,0,0,0,0,0,0,0,0,1,1,0,0,0,0,0
2021-01-12,Rewe,place_141,5,4,0,0,0,0,0,1,2,0,0,1,4,1,1,0,0,0
2021-01-12,Rewe,place_144,1,1,0,0,1,0,0,0,0,0,0,0,1,0,1,0,0,0
2021-01-12,Rewe,place_145,2,2,0,0,1,0,0,0,1,0,0,0,2,0,1,0,1,1
2021-01-12,Rewe,place_148,1,1,1,0,0,0,0,0,0,0,0,0,1,0,1,0,0,0
2021-01-12,Rewe,place_149,3,3,0,1,0,0,0,0,0,0,0,0,3,0,3,0,1,1
2021-01-12,Rewe,place_154,3,2,0,0,0,0,0,0,0,0,1,0,2,1,2,0,0,0
2021-01-12,Rewe,place_157,1,1,0,0,0,0,1,0,0,1,0,0,0,0,1,0,0,0
2021-01-12,Rewe,place_159,3,2,0,0,0,0,1,0,0,1,0,1,1,0,1,0,1,0
2021-01-12,Rewe,place_160,2,2,0,1,1,0,0,1,0,0,0,1,2,1,1,0,0,0
2021-01-12,Rewe,place_164,1,1,0,0,0,0,0,0,0,0,0,1,1,0,0,0,1,0
2021-01-12,Rewe,place_170,1,1,0,0,0,0,0,0,0,0,0,1,1,1,0,0,0,0
2021-01-12,Rewe,place_171,2,1,0,0,0,0,0,0,1,0,0,0,1,0,0,0,0,0
2021-01-12,Rewe,place_175,1,1,0,1,0,0,0,0,1,0,0,0,1,0,0,0,0,1
2021-01-12,Rewe,place_176,4,2,0,0,0,1,0,0,0,0,0,0,2,0,2,0,0,0
2021-01-12,Rewe,place_189,1,1,0,0,1,0,0,0,1,0,0,0,1,0,0,0,0,0
2021-01-12,Rewe,place_190,1,1,0,0,0,0,0,0,0,1,0,1,1,0,0,1,0,0
2021-01-12,Rewe,place_191,1,1,0,0,0,0,1,0,0,0,0,0,0,0,1,0,0,0
2021-01-12,Rewe,place_193,5,3,0,0,0,0,0,0,0,1,0,2,3,1,1,0,1,0
2021-01-12,Rewe,place_194,1,1,0,0,0,0,0,0,0,0,0,0,1,0,1,0,0,0
2021-01-12,Rewe,place_195,1,1,0,0,0,0,0,0,0,0,0,1,1,0,0,0,0,0
2021-01-12,Rewe,place_199,2,2,0,0,0,0,0,0,1,0,0,0,2,0,1,1,0,0
2021-01-12,Rewe,place_200,2,2,0,0,1,0,0,0,0,1,0,2,2,0,0,0,0,0
2021-01-12,Rewe,place_203,6,2,0,0,2,0,1,0,0,0,0,1,1,0,0,0,0,0
2021-01-12,Rewe,place_204,1,1,0,0,0,0,0,0,0,0,0,0,1,0,1,0,0,0
2021-01-12,Rewe,place_209,1,1,0,0,0,0,0,0,0,1,0,0,1,0,1,0,0,0
2021-01-12,Rewe,place_210,1,1,0,0,1,0,0,0,0,0,0,0,1,0,1,0,0,0
2021-01-12,Rewe,place_211,1,1,0,0,0,0,0,0,0,0,0,0,1,0,1,0,0,0
2021-01-13,Aldi,place_103,1,1,0,0,0,0,0,0,0,0,0,1,1,0,0,0,0,0
2021-01-13,Aldi,place_107,2,2,0,0,0,0,0,0,1,0,0,1,2,0,0,0,0,1
2021-01-13,Aldi,place_109,3,1,0,0,0,0,0,0,0,1,0,0,1,0,1,0,0,0
2021-01-13,Aldi,place_115,1,1,0,0,0,0,0,0,1,0,0,0,1,0,0,1,0,0
2021-01-13,Aldi,place_119,1,1,0,0,0,0,0,0,0,0,0,0,1,0,1,1,0,0
2021-01-13,Aldi,place_60,1,1,0,0,0,0,0,0,0,0,0,0,1,1,1,0,0,0
2021-01-13,Aldi,place_77,1,1,0,0,0,0,0,0,0,0,0,0,1,0,1,0,0,0
2021-01-13,Aldi,place_79,4,1,0,0,0,0,0,0,0,0,0,0,1,0,1,0,0,0
2021-01-13,Aldi,place_84,1,1,0,0,0,0,0,0,0,0,0,0,1,0,1,0,0,0
2021-01-13,Burger King,place_38,2,2,0,0,0,0,1,0,0,0,0,0,1,0,2,0,0,0
2021-01-13,Burger King,place_49,1,1,0,0,0,0,0,0,0,0,0,0,1,0,1,0,0,0
2021-01-13,Kaufland,place_213,1,1,0,0,0,0,0,0,0,0,0,0,1,0,1,0,0,0
2021-01-13,Kaufland,place_215,3,3,1,0,0,0,0,0,0,0,0,2,3,0,1,0,0,0
2021-01-13,Kaufland,place_216,3,3,0,0,0,0,0,0,2,0,0,0,3,0,1,0,0,0
2021-01-13,Kaufland,place_217,6,4,0,0,0,0,1,0,1,1,0,0,3,0,3,0,1,0
2021-01-13,Kaufland,place_218,1,1,0,0,0,0,0,0,0,0,0,1,1,0,0,0,0,0
2021-01-13,Kaufland,place_220,1,1,0,0,0,0,0,0,0,0,0,1,1,0,0,0,0,0
2021-01-13,Kaufland,place_221,2,1,0,0,0,0,0,0,0,0,0,0,1,0,1,0,0,0
2021-01-13,Kaufland,place_224,6,4,0,1,1,0,1,0,1,0,0,0,3,1,3,0,0,0
2021-01-13,Kaufland,place_225,3,2,0,0,0,0,0,0,1,0,0,1,2,0,0,0,0,0
2021-01-13,Kaufland,place_227,10,5,0,0,0,0,0,0,2,1,0,1,5,0,2,0,0,0
2021-01-13,Lexus,place_245,3,1,0,0,0,0,0,0,0,0,0,1,1,0,0,0,0,0
2021-01-13,McDonald's,place_14,3,1,0,0,0,0,0,0,0,0,0,0,1,0,1,0,0,0
2021-01-13,McDonald's,place_15,1,1,0,0,0,0,0,0,0,0,0,0,1,0,1,0,0,1
2021-01-13,McDonald's,place_22,1,1,0,0,1,0,0,0,0,0,0,0,1,0,1,0,0,0
2021-01-13,McDonald's,place_23,1,1,0,0,0,0,0,0,1,0,0,0,1,0,0,0,0,0
2021-01-13,McDonald's,place_29,3,2,0,0,0,0,1,0,1,0,0,1,1,1,0,0,0,0
2021-01-13,McDonald's,place_31,1,1,1,0,0,1,0,0,0,1,0,0,1,0,1,0,0,0
2021-01-13,McDonald's,place_33,1,1,0,0,0,0,0,0,1,0,0,0,1,0,0,0,0,0
2021-01-13,Mercedes,place_232,3,2,1,0,0,0,0,0,0,0,0,1,2,0,1,0,0,0
2021-01-13,Renault,place_237,1,1,1,0,0,0,0,0,0,0,0,0,1,0,1,0,0,0
2021-01-13,Renault,place_238,1,1,0,0,0,0,0,0,0,0,0,1,1,0,0,0,0,0
2021-01-13,Rewe,place_138,3,1,0,0,0,1,0,0,1,0,0,0,1,0,0,0,0,0
2021-01-13,Rewe,place_139,1,1,0,0,0,0,0,0,0,1,0,1,1,0,0,0,1,0
2021-01-13,Rewe,place_144,1,1,0,0,0,0,0,0,0,0,0,0,1,0,1,0,0,0
2021-01-13,Rewe,place_145,1,1,0,0,0,0,0,0,0,0,0,0,1,0,1,0,1,0
2021-01-13,Rewe,place_148,1,1,0,0,0,0,0,0,0,0,0,0,1,1,1,0,0,0
2021-01-13,Rewe,place_154,1,1,0,1,0,0,0,0,0,0,0,0,1,0,1,0,0,0
2021-01-13,Rewe,place_157,2,1,0,0,0,0,0,0,1,0,0,0,1,0,0,1,0,0
2021-01-13,Rewe,place_159,6,1,0,0,0,0,1,0,0,0,0,1,0,0,0,0,1,0
2021-01-13,Rewe,place_160,1,1,0,0,0,0,0,0,0,0,0,0,1,0,1,0,0,0
2021-01-13,Rewe,place_163,1,1,0,1,0,0,1,0,0,1,0,1,0,0,0,0,0,0
2021-01-13,Rewe,place_165,1,1,0,0,0,0,0,0,0,0,0,0,1,0,1,0,0,0
2021-01-13,Rewe,place_170,1,1,0,0,0,0,0,0,1,0,0,0,1,0,0,0,0,1
2021-01-13,Rewe,place_171,6,2,0,0,0,0,0,0,1,0,0,0,2,0,1,0,0,0
2021-01-13,Rewe,place_172,1,1,0,1,0,0,0,0,0,0,0,0,1,0,1,0,0,0
2021-01-13,Rewe,place_176,1,1,0,0,0,1,0,0,0,0,0,0,1,0,1,0,0,0
2021-01-13,Rewe,place_177,3,1,0,0,0,1,0,0,0,1,0,1,1,0,0,0,0,0
2021-01-13,Rewe,place_190,2,1,0,0,1,0,0,0,0,1,0,0,1,0,1,0,1,0
2021-01-13,Rewe,place_193,1,1,0,0,0,1,0,0,0,0,0,0,1,0,1,0,0,0
2021-01-13,Rewe,place_196,3,2,1,0,0,1,0,0,1,1,0,0,2,0,1,0,0,0
2021-01-13,Rewe,place_198,2,1,0,0,0,0,0,1,0,1,0,0,1,0,1,0,1,0
2021-01-13,Rewe,place_200,2,1,0,0,0,0,0,0,1,0,0,0,1,0,0,0,0,0
2021-01-13,Rewe,place_203,1,1,0,0,0,0,0,0,0,0,0,1,1,1,0,0,0,0
2021-01-13,Rewe,place_204,1,1,0,0,0,0,0,0,0,1,0,0,1,0,1,0,0,0
2021-01-13,Rewe,place_205,2,1,0,0,1,0,0,0,1,0,0,0,1,0,0,0,0,0
2021-01-13,Rewe,place_210,1,1,0,0,0,0,0,0,1,0,0,0,1,0,0,0,0,0
2021-01-14,Aldi,place_106,2,1,0,0,0,0,0,0,1,0,0,0,1,1,0,0,0,0
2021-01-14,Aldi,place_107,2,1,0,0,0,0,0,0,1,0,0,0,1,0,0,0,0,0
2021-01-14,Aldi,place_108,2,1,1,0,0,0,0,0,0,1,0,0,1,0,1,0,0,0
2021-01-14,Aldi,place_109,1,1,0,0,0,0,0,0,0,1,0,0,1,0,1,0,0,0
2021-01-14,Aldi,place_111,1,1,0,0,0,1,0,0,0,0,0,0,1,0,1,1,0,0
2021-01-14,Aldi,place_117,1,1,0,0,1,0,0,0,0,0,0,0,1,0,1,0,0,0
2021-01-14,Aldi,place_119,3,1,0,0,0,0,0,0,0,0,0,1,1,0,0,0,0,0
2021-01-14,Aldi,place_123,2,1,1,0,0,0,0,0,0,0,0,1,1,0,0,0,0,0
2021-01-14,Aldi,place_124,1,1,0,0,0,0,0,0,0,0,0,0,1,0,1,0,0,0
2021-01-14,Aldi,place_131,1,1,0,0,0,0,0,0,0,0,0,0,1,0,1,0,0,0
2021-01-14,Aldi,place_132,3,2,0,0,0,0,0,0,0,1,0,1,2,0,1,0,0,0
2021-01-14,Aldi,place_60,2,2,0,0,0,0,0,0,0,0,1,1,2,1,1,0,0,0
2021-01-14,Aldi,place_64,1,1,0,0,0,0,0,0,0,0,0,0,1,0,1,1,0,0
2021-01-14,Aldi,place_65,1,1,0,0,0,0,0,0,1,0,0,0,1,0,0,0,0,0
2021-01-14,Aldi,place_68,2,1,0,0,0,1,0,0,0,1,0,0,1,0,1,0,0,1
2021-01-14,Aldi,place_70,1,1,0,0,0,0,0,0,0,0,0,0,1,0,1,0,0,0
2021-01-14,Aldi,place_79,2,1,0,0,0,0,0,1,0,0,0,0,1,0,1,0,0,0
2021-01-14,Aldi,place_80,1,1,0,0,0,0,0,0,0,0,0,0,1,0,1,0,0,0
2021-01-14,Aldi,place_83,1,1,0,0,0,1,0,0,0,0,0,0,1,0,1,0,0,0
2021-01-14,Aldi,place_84,1,1,0,0,0,0,0,0,0,0,0,0,1,0,1,0,0,0
2021-01-14,Aldi,place_93,2,1,0,1,0,0,0,0,0,0,0,1,1,0,0,0,0,0
2021-01-14,Aldi,place_96,1,1,0,0,0,0,0,0,0,0,0,0,1,0,1,0,0,0
2021-01-14,Burger King,place_35,1,1,0,0,0,0,1,0,0,0,0,0,0,0,1,0,0,0
2021-01-14,Burger King,place_49,1,1,0,0,1,0,0,0,0,0,0,0,1,0,1,0,0,0
2021-01-14,Kaufland,place_213,2,2,0,0,0,1,1,0,0,0,1,1,1,0,1,1,0,0
2021-01-14,Kaufland,place_214,12,12,1,0,0,0,2,0,4,2,1,1,10,3,7,0,2,0
2021-01-14,Kaufland,place_215,3,3,0,0,2,0,1,0,0,1,0,0,2,0,3,0,0,0
2021-01-14,Kaufland,place_216,2,2,0,0,0,0,1,0,0,0,0,0,1,0,1,0,0,0
2021-01-14,Kaufland,place_218,2,1,0,0,0,1,1,0,0,0,0,0,0,0,1,0,0,0
2021-01-14,Kaufland,place_219,1,1,0,0,0,0,0,0,1,0,0,0,1,0,0,0,1,0
2021-01-14,Kaufland,place_220,2,2,0,0,0,0,0,0,1,0,0,0,2,1,1,0,0,0
2021-01-14,Kaufland,place_223,3,3,0,0,0,0,0,0,1,0,0,0,3,0,2,0,0,0
2021-01-14,Kaufland,place_224,6,5,0,0,0,0,1,1,1,2,0,3,4,1,1,0,0,1
2021-01-14,Kaufland,place_225,4,3,0,0,0,0,0,0,1,0,0,1,3,1,1,0,0,0
2021-01-14,Kaufland,place_226,4,4,1,0,0,0,0,0,1,1,1,1,4,0,2,0,0,0
2021-01-14,Kaufland,place_227,2,1,0,0,0,0,0,0,0,0,0,0,1,0,1,0,0,0
2021-01-14,Lexus,place_245,2,1,0,0,0,0,0,0,0,0,0,1,1,0,0,0,0,0
2021-01-14,McDonald's,place_15,1,1,0,0,1,0,0,0,0,0,0,0,1,0,1,0,0,0
2021-01-14,McDonald's,place_23,1,1,0,0,0,0,0,0,0,0,0,1,1,0,0,0,0,0
2021-01-14,McDonald's,place_25,2,2,0,0,0,0,0,0,0,1,1,0,2,0,2,0,0,0
2021-01-14,McDonald's,place_33,1,1,1,0,0,1,0,0,0,1,0,0,1,0,1,0,0,0
2021-01-14,McDonald's,place_4,3,1,0,0,0,0,0,0,0,0,0,0,1,0,1,0,0,0
2021-01-14,McDonald's,place_6,1,1,0,0,0,0,0,0,0,0,0,0,1,0,1,0,1,0
2021-01-14,Mercedes,place_234,1,1,0,1,0,0,0,0,0,0,0,0,1,0,1,0,0,0
2021-01-14,Renault,place_237,1,1,1,0,0,0,0,0,0,0,0,0,1,0,1,0,0,0
2021-01-14,Renault,place_241,3,2,0,0,0,0,0,0,0,0,0,1,2,0,1,0,0,0
2021-01-14,Rewe,place_141,2,2,0,0,0,1,0,0,0,2,0,0,2,0,2,0,0,0
2021-01-14,Rewe,place_144,3,1,0,0,0,0,0,0,0,0,0,0,1,0,1,0,0,0
2021-01-14,Rewe,place_145,1,1,0,0,0,0,0,0,0,1,0,0,1,1,1,0,0,0
2021-01-14,Rewe,place_148,3,3,0,1,1,0,0,0,1,1,0,1,3,0,1,0,0,0
2021-01-14,Rewe,place_151,1,1,0,0,0,0,0,0,0,0,0,0,1,0,1,0,0,0
2021-01-14,Rewe,place_153,3,1,0,0,0,0,0,0,0,1,0,0,1,1,1,0,0,0
2021-01-14,Rewe,place_154,5,3,0,0,1,0,0,0,1,0,0,0,3,1,2,0,2,0
2021-01-14,Rewe,place_156,1,1,1,0,0,0,0,0,0,0,0,0,1,0,1,0,0,0
2021-01-14,Rewe,place_159,4,2,0,0,0,0,1,0,0,1,0,1,1,0,1,0,1,0
2021-01-14,Rewe,place_160,4,2,0,0,2,0,0,0,0,0,0,1,2,1,1,0,0,0
2021-01-14,Rewe,place_162,2,2,0,0,0,1,0,0,1,0,0,1,2,1,0,0,0,0
2021-01-14,Rewe,place_165,1,1,0,0,0,0,1,0,0,0,0,1,0,0,0,0,0,0
2021-01-14,Rewe,place_171,2,2,0,0,0,0,0,0,1,0,0,1,2,1,0,0,0,0
2021-01-14,Rewe,place_176,4,3,0,0,0,1,1,0,1,0,1,0,2,0,2,1,1,0
2021-01-14,Rewe,place_178,1,1,0,0,0,0,0,0,0,0,0,0,1,0,1,0,0,0
2021-01-14,Rewe,place_179,1,1,0,0,0,0,0,0,0,0,0,1,1,0,0,0,0,0
2021-01-14,Rewe,place_182,1,1,0,0,0,0,0,1,0,0,0,1,1,0,0,0,0,0
2021-01-14,Rewe,place_183,1,1,0,0,0,0,0,0,0,0,0,0,1,0,1,0,0,0
2021-01-14,Rewe,place_187,1,1,0,0,0,0,0,0,0,0,0,0,1,0,1,0,0,0
2021-01-14,Rewe,place_190,1,1,0,0,0,0,0,0,0,0,0,0,1,0,1,0,0,0
2021-01-14,Rewe,place_191,4,2,0,0,0,0,0,0,0,0,0,0,2,0,2,0,0,0
2021-01-14,Rewe,place_192,1,1,0,0,0,0,1,0,0,0,0,0,0,0,1,0,0,0
2021-01-14,Rewe,place_196,1,1,0,0,0,0,0,0,0,0,0,0,1,0,1,0,0,0
2021-01-14,Rewe,place_198,1,1,0,0,0,0,0,1,0,1,0,0,1,0,1,0,1,0
2021-01-14,Rewe,place_200,1,1,0,0,0,0,0,0,0,0,0,0,1,0,1,0,0,0
2021-01-14,Rewe,place_203,1,1,0,0,0,0,0,0,0,0,0,1,1,0,0,0,0,0
2021-01-14,Rewe,place_204,3,2,0,0,0,0,0,0,0,0,0,0,2,0,2,0,0,0
2021-01-14,Rewe,place_205,2,2,0,1,0,0,0,0,0,1,0,1,2,0,1,0,0,0
2021-01-14,Rewe,place_209,2,2,0,0,1,0,0,0,0,0,0,1,2,1,1,0,0,0
2021-01-14,Rewe,place_210,4,1,0,0,1,0,0,0,0,0,0,0,1,0,1,0,0,0
2021-01-15,Aldi,place_106,3,2,1,0,0,0,0,0,0,0,0,0,2,0,2,0,0,0
2021-01-15,Aldi,place_109,5,2,0,0,0,0,0,0,1,1,0,0,2,0,1,0,0,0
2021-01-15,Aldi,place_115,1,1,0,0,0,0,0,0,0,0,0,0,1,1,1,0,0,0
2021-01-15,Aldi,place_120,2,2,0,1,0,0,0,0,0,0,0,0,2,0,2,0,0,0
2021-01-15,Aldi,place_123,1,1,0,0,0,0,0,0,1,1,0,0,1,0,0,0,0,0
2021-01-15,Aldi,place_124,1,1,1,0,0,0,0,0,0,0,0,0,1,0,1,0,0,0
2021-01-15,Aldi,place_125,1,1,0,0,0,0,0,0,0,0,0,1,1,0,0,0,0,0
2021-01-15,Aldi,place_135,4,3,0,0,0,0,0,0,0,0,0,1,3,0,2,0,0,0
2021-01-15,Aldi,place_55,2,2,0,0,0,0,0,0,0,0,1,1,2,0,1,0,0,0
2021-01-15,Aldi,place_58,2,2,0,0,1,0,1,0,0,0,0,1,1,0,1,0,0,0
2021-01-15,Aldi,place_64,1,1,0,0,0,0,1,0,0,0,0,0,0,0,1,0,1,0
2021-01-15,Aldi,place_70,1,1,0,0,0,0,0,0,0,0,0,0,1,0,1,0,0,0
2021-01-15,Aldi,place_72,2,2,0,0,0,0,0,0,2,0,0,0,2,0,0,0,0,0
2021-01-15,Aldi,place_77,1,1,0,0,0,0,0,0,0,0,0,1,1,0,0,0,0,0
2021-01-15,Aldi,place_80,1,1,0,0,0,0,0,0,1,0,0,0,1,0,0,0,0,0
2021-01-15,Aldi,place_81,1,1,0,0,0,1,0,0,1,0,0,0,1,0,0,0,0,0
2021-01-15,Aldi,place_83,1,1,0,0,0,0,0,0,0,0,0,0,1,0,1,1,0,0
2021-01-15,Aldi,place_84,1,1,0,0,0,0,0,0,0,0,1,0,1,0,1,0,0,0
2021-01-15,Aldi,place_88,1,1,1,0,0,0,0,0,0,0,0,1,1,0,0,0,0,0
2021-01-15,Aldi,place_89,1,1,0,0,0,0,0,1,0,0,0,0,1,0,1,0,0,0
2021-01-15,Aldi,place_91,2,2,0,1,0,0,0,0,0,0,0,0,2,0,2,0,0,0
2021-01-15,Aldi,place_96,2,2,0,0,0,0,0,0,0,0,0,0,2,0,2,0,0,0
2021-01-15,Aldi,place_98,1,1,0,0,0,0,0,0,1,0,0,0,1,0,0,0,0,0
2021-01-15,Burger King,place_38,2,1,0,0,0,0,1,0,0,0,0,0,0,0,1,0,0,0
2021-01-15,Burger King,place_50,1,1,0,1,0,0,0,0,0,0,0,1,1,0,0,0,0,0
2021-01-15,Kaufland,place_213,6,5,1,0,1,0,0,1,0,0,0,2,5,0,3,0,0,0
2021-01-15,Kaufland,place_214,11,11,0,2,0,2,1,0,3,2,2,3,10,0,5,0,2,1
2021-01-15,Kaufland,place_215,9,6,0,1,0,1,1,0,0,1,0,1,5,0,5,0,0,0
2021-01-15,Kaufland,place_216,7,4,0,0,0,0,1,0,0,0,0,1,3,0,2,1,0,0
2021-01-15,Kaufland,place_217,3,3,0,1,0,0,1,0,0,1,0,1,2,0,2,1,0,0
2021-01-15,Kaufland,place_218,4,3,0,0,0,0,0,0,1,1,0,0,3,0,2,0,0,0
2021-01-15,Kaufland,place_219,3,3,0,1,0,0,0,0,1,0,1,0,3,0,2,0,0,0
2021-01-15,Kaufland,place_220,2,2,1,0,0,0,0,0,0,0,0,0,2,0,2,0,0,0
2021-01-15,Kaufland,place_221,2,2,0,0,0,0,0,1,1,0,0,0,2,0,1,1,0,0
2021-01-15,Kaufland,place_223,2,2,0,0,0,0,0,0,0,0,0,0,2,0,2,0,0,0
2021-01-15,Kaufland,place_224,7,5,0,0,0,0,0,0,1,0,0,1,5,0,3,0,0,0
2021-01-15,Kaufland,place_225,5,4,0,0,0,0,0,0,2,0,2,1,4,0,1,0,0,0
2021-01-15,Kaufland,place_226,3,2,0,1,0,0,0,0,1,0,0,0,2,1,1,0,0,0
2021-01-15,Kaufland,place_227,8,5,1,0,0,0,1,0,1,0,0,1,4,0,3,0,0,0
2021-01-15,Lexus,place_245,2,2,1,1,0,0,0,0,1,0,0,0,2,0,1,0,0,0
2021-01-15,McDonald's,place_10,1,1,0,0,0,0,0,0,1,0,0,0,1,0,0,0,0,0
2021-01-15,McDonald's,place_15,3,1,0,0,1,0,0,0,0,0,0,0,1,0,1,0,0,0
2021-01-15,McDonald's,place_18,2,1,0,0,0,0,0,0,0,0,0,0,1,0,1,0,0,0
2021-01-15,McDonald's,place_2,1,1,0,1,0,0,0,0,1,0,0,0,1,0,0,0,0,0
2021-01-15,McDonald's,place_23,2,1,0,0,0,0,0,0,1,1,1,0,1,0,0,0,0,0
2021-01-15,McDonald's,place_26,1,1,0,0,0,0,0,0,0,0,0,0,1,1,1,0,0,0
2021-01-15,McDonald's,place_28,1,1,0,0,0,0,0,0,0,0,0,0,1,0,1,0,0,0
2021-01-15,McDonald's,place_29,1,1,0,0,0,0,0,0,0,0,0,0,1,0,1,0,0,0
2021-01-15,McDonald's,place_3,5,1,0,1,0,0,0,0,0,0,0,0,1,0,1,0,0,0
2021-01-15,McDonald's,place_32,1,1,0,0,0,0,0,0,0,0,0,1,1,0,0,0,0,0
2021-01-15,McDonald's,place_33,1,1,0,0,1,0,1,0,0,0,0,1,0,0,0,0,0,0
2021-01-15,McDonald's,place_5,1,1,0,0,0,0,1,0,0,0,0,1,0,1,0,0,0,0
2021-01-15,Renault,place_238,1,1,0,0,0,0,0,0,0,0,0,1,1,0,0,0,0,0
2021-01-15,Rewe,place_138,4,1,0,0,0,1,0,0,1,0,0,0,1,0,0,0,0,0
2021-01-15,Rewe,place_144,1,1,0,0,0,0,0,0,0,0,1,0,1,0,1,0,0,0
2021-01-15,Rewe,place_145,2,2,0,0,1,0,0,0,1,0,0,1,2,0,0,1,0,1
2021-01-15,Rewe,place_146,3,2,0,1,0,0,1,0,0,0,0,0,1,0,2,0,0,0
2021-01-15,Rewe,place_148,1,1,0,0,0,0,0,0,0,0,0,0,1,0,1,0,0,0
2021-01-15,Rewe,place_151,3,2,1,0,0,0,0,0,1,0,0,0,2,0,1,0,0,1
2021-01-15,Rewe,place_153,1,1,0,0,0,0,0,1,0,0,0,0,1,0,1,0,0,0
2021-01-15,Rewe,place_157,2,1,0,0,0,0,0,0,0,0,0,0,1,0,1,0,0,0
2021-01-15,Rewe,place_158,5,3,0,0,0,0,0,0,0,0,0,2,3,0,1,0,0,0
2021-01-15,Rewe,place_159,3,1,0,0,0,0,0,0,0,0,0,0,1,0,1,0,0,0
2021-01-15,Rewe,place_160,5,5,0,1,1,0,0,0,1,0,1,1,5,1,3,1,0,0
2021-01-15,Rewe,place_161,1,1,0,0,0,0,0,0,1,0,0,0,1,0,0,0,0,0
2021-01-15,Rewe,place_171,1,1,0,0,0,0,0,0,0,0,0,0,1,0,1,0,1,0
2021-01-15,Rewe,place_172,1,1,0,0,0,0,0,0,0,0,0,0,1,0,1,1,0,0
2021-01-15,Rewe,place_176,4,1,0,0,0,1,0,0,0,0,0,0,1,0,1,0,0,0
2021-01-15,Rewe,place_180,1,1,1,0,0,0,0,0,0,0,0,0,1,0,1,0,0,0
2021-01-15,Rewe,place_182,2,1,0,0,0,0,0,0,0,0,0,1,1,0,0,0,0,0
2021-01-15,Rewe,place_183,2,2,0,0,0,0,0,0,0,0,0,0,2,0,2,0,0,0
2021-01-15,Rewe,place_187,2,2,0,1,0,0,0,0,1,0,0,1,2,0,0,0,1,0
2021-01-15,Rewe,place_191,2,2,1,0,0,0,0,0,0,0,0,1,2,0,1,0,0,0
2021-01-15,Rewe,place_192,1,1,0,0,0,0,0,0,0,0,0,0,1,0,1,0,0,0
2021-01-15,Rewe,place_193,4,3,1,0,0,1,0,0,1,1,0,2,3,0,0,0,0,0
2021-01-15,Rewe,place_198,1,1,0,0,0,0,0,1,0,1,0,0,1,0,1,0,1,0
2021-01-15,Rewe,place_199,1,1,0,0,0,0,0,0,0,0,0,0,1,0,1,0,0,0
2021-01-15,Rewe,place_200,1,1,0,0,0,0,0,0,0,0,0,0,1,0,1,1,0,0
2021-01-15,Rewe,place_203,6,4,1,0,0,0,0,0,1,0,0,1,4,2,2,0,1,0
2021-01-15,Rewe,place_204,1,1,0,0,0,0,0,0,0,0,0,0,1,0,1,1,0,0
2021-01-15,Rewe,place_205,3,3,0,0,0,0,0,0,1,0,0,1,3,0,1,0,1,0
2021-01-15,Rewe,place_207,1,1,0,0,0,0,0,0,1,0,0,0,1,0,0,0,0,0
2021-01-16,Aldi,place_103,2,2,0,0,0,0,0,0,0,0,0,2,2,0,0,0,0,0
2021-01-16,Aldi,place_105,1,1,0,0,0,0,0,0,0,0,0,0,1,0,1,0,1,0
2021-01-16,Aldi,place_106,1,1,0,0,1,0,0,0,0,0,0,1,1,0,0,0,0,0
2021-01-16,Aldi,place_107,2,2,0,0,0,0,1,0,0,0,0,1,1,0,1,0,0,0
2021-01-16,Aldi,place_108,1,1,0,0,0,0,0,0,0,0,1,0,1,0,1,0,0,0
2021-01-16,Aldi,place_109,1,1,0,0,0,0,0,0,0,1,0,0,1,0,1,0,0,0
2021-01-16,Aldi,place_113,2,2,0,0,1,0,0,0,0,0,0,0,2,0,2,0,0,0
2021-01-16,Aldi,place_123,1,1,0,0,0,0,0,0,0,0,0,0,1,0,1,0,0,0
2021-01-16,Aldi,place_127,1,1,0,0,1,0,0,0,0,0,0,0,1,0,1,0,0,0
2021-01-16,Aldi,place_130,1,1,0,0,0,0,0,0,0,0,0,0,1,0,1,0,0,0
2021-01-16,Aldi,place_131,2,1,0,0,0,0,0,0,0,0,0,0,1,0,1,0,0,0
2021-01-16,Aldi,place_135,1,1,0,0,0,0,0,0,1,0,0,0,1,0,0,0,0,0
2021-01-16,Aldi,place_136,1,1,0,0,0,0,0,0,0,1,0,0,1,0,1,0,0,1
2021-01-16,Aldi,place_77,2,1,1,0,0,1,0,0,0,0,0,0,1,0,1,0,0,0
2021-01-16,Aldi,place_81,1,1,0,0,0,0,0,0,0,0,0,0,1,0,1,0,0,0
2021-01-16,Aldi,place_83,1,1,0,0,0,0,0,0,0,0,0,0,1,0,1,0,0,0
2021-01-16,Aldi,place_85,1,1,0,0,0,0,0,1,0,0,0,0,1,0,1,0,0,0
2021-01-16,Aldi,place_87,1,1,0,1,0,0,0,0,0,0,0,1,1,0,0,0,0,0
2021-01-16,Aldi,place_88,1,1,0,0,0,0,0,0,0,0,0,0,1,0,1,0,0,0
2021-01-16,Aldi,place_89,3,1,0,0,0,0,0,0,0,0,0,0,1,1,1,0,0,0
2021-01-16,Aldi,place_93,1,1,0,0,0,0,0,0,0,1,0,0,1,0,1,0,0,0
2021-01-16,Burger King,place_38,6,2,0,0,0,0,0,0,0,0,1,1,2,0,1,0,0,0
2021-01-16,Burger King,place_40,3,2,0,0,0,0,1,1,0,0,0,1,1,0,1,0,0,0
2021-01-16,Burger King,place_43,1,1,0,0,0,1,0,0,0,0,0,0,1,0,1,0,0,0
2021-01-16,Kaufland,place_213,6,5,0,0,0,0,0,2,2,0,1,1,5,1,2,1,2,1
2021-01-16,Kaufland,place_214,23,15,0,3,1,1,0,1,3,1,0,2,15,0,10,0,0,0
2021-01-16,Kaufland,place_215,15,7,0,1,0,1,1,0,1,0,1,0,6,1,6,0,1,0
2021-01-16,Kaufland,place_216,15,7,0,0,0,0,0,0,1,0,0,1,7,1,5,0,1,0
2021-01-16,Kaufland,place_217,1,1,0,0,0,0,0,0,0,0,0,0,1,0,1,0,0,0
2021-01-16,Kaufland,place_218,8,6,0,1,1,0,0,1,2,1,0,2,6,1,2,1,1,0
2021-01-16,Kaufland,place_219,5,3,0,0,0,0,0,0,0,0,0,1,3,0,2,0,1,0
2021-01-16,Kaufland,place_220,8,5,0,3,0,0,0,0,0,1,1,1,5,1,4,0,0,0
2021-01-16,Kaufland,place_221,6,4,1,0,0,0,0,0,1,1,1,2,4,1,1,0,2,0
2021-01-16,Kaufland,place_223,3,3,0,1,0,0,0,0,1,1,1,0,3,0,2,0,1,0
2021-01-16,Kaufland,place_224,4,3,0,0,0,0,0,1,0,0,0,0,3,0,3,0,0,0
2021-01-16,Kaufland,place_225,2,2,0,0,0,0,0,0,1,0,1,0,2,0,1,0,0,0
2021-01-16,Kaufland,place_226,2,2,0,0,0,1,0,0,0,0,0,0,2,0,2,0,0,0
2021-01-16,Kaufland,place_227,11,8,0,0,1,0,0,0,0,2,0,4,8,0,4,0,1,0
2021-01-16,McDonald's,place_1,1,1,0,0,0,0,0,0,0,0,0,0,1,0,1,0,0,0
2021-01-16,McDonald's,place_17,2,1,0,0,0,0,0,0,0,0,0,0,1,1,1,0,0,0
2021-01-16,McDonald's,place_18,1,1,0,0,0,0,0,0,1,0,0,0,1,0,0,0,0,0
2021-01-16,McDonald's,place_2,1,1,1,0,0,0,0,0,0,0,0,0,1,0,1,0,0,0
2021-01-16,Rewe,place_138,4,4,0,0,0,0,1,0,0,1,0,1,3,1,3,1,0,0
2021-01-16,Rewe,place_140,1,1,0,0,0,0,0,0,0,0,0,0,1,0,1,0,0,0
2021-01-16,Rewe,place_145,1,1,0,0,0,0,0,0,0,0,0,0,1,0,1,0,1,0
2021-01-16,Rewe,place_151,1,1,0,0,0,0,1,0,0,0,0,0,0,0,1,0,0,0
2021-01-16,Rewe,place_152,1,1,0,0,0,0,0,0,0,0,0,0,1,0,1,0,0,0
2021-01-16,Rewe,place_153,1,1,0,0,0,0,0,0,0,0,0,0,1,0,1,0,0,0
2021-01-16,Rewe,place_154,2,1,0,1,0,0,0,0,0,0,0,0,1,0,1,0,0,0
2021-01-16,Rewe,place_156,4,2,1,0,0,1,0,0,0,0,0,1,2,0,1,0,0,0
2021-01-16,Rewe,place_157,3,3,0,0,1,0,0,0,0,0,0,2,3,0,1,0,0,1
2021-01-16,Rewe,place_159,5,2,0,0,0,0,1,0,0,1,0,1,1,0,1,0,1,0
2021-01-16,Rewe,place_160,2,2,0,0,0,0,0,0,0,0,2,0,2,0,2,0,0,0
2021-01-16,Rewe,place_162,1,1,0,0,0,0,0,0,0,0,0,0,1,0,1,0,1,0
2021-01-16,Rewe,place_171,3,1,0,0,0,0,0,0,1,0,0,0,1,0,0,0,0,0
2021-01-16,Rewe,place_172,1,1,0,0,0,0,0,0,0,0,1,0,1,0,1,0,0,0
2021-01-16,Rewe,place_177,1,1,0,0,0,0,0,0,0,0,0,0,1,0,1,0,1,0
2021-01-16,Rewe,place_178,1,1,0,0,0,0,0,0,0,0,0,1,1,0,0,0,0,0
2021-01-16,Rewe,place_179,1,1,0,0,0,0,0,0,1,0,0,0,1,0,0,0,0,0
2021-01-16,Rewe,place_182,1,1,0,0,0,0,1,0,1,0,0,0,0,0,0,0,0,0
2021-01-16,Rewe,place_183,2,2,0,0,0,0,1,0,0,0,0,1,1,0,1,0,1,0
2021-01-16,Rewe,place_187,2,2,0,0,0,1,0,0,1,1,0,0,2,0,1,0,0,0
2021-01-16,Rewe,place_190,1,1,0,0,0,0,0,0,0,1,0,0,1,0,1,0,0,0
2021-01-16,Rewe,place_191,3,2,0,0,0,0,0,0,0,0,0,0,2,0,2,0,0,1
2021-01-16,Rewe,place_193,5,4,0,0,0,0,0,0,0,1,0,1,4,2,3,0,1,0
2021-01-16,Rewe,place_196,1,1,0,0,0,0,0,0,0,0,0,0,1,0,1,0,0,0
2021-01-16,Rewe,place_199,5,3,0,0,0,0,0,0,0,0,0,0,3,0,3,0,0,0
2021-01-16,Rewe,place_200,3,2,0,0,0,0,1,0,0,0,0,0,1,0,2,0,0,0
2021-01-16,Rewe,place_203,1,1,0,0,0,0,0,0,1,0,0,0,1,0,0,0,0,0
2021-01-16,Rewe,place_209,3,3,0,0,0,0,0,0,1,1,0,0,3,0,2,0,0,0
2021-01-16,Rewe,place_210,4,1,0,0,1,0,0,0,0,0,0,0,1,0,1,0,0,0
2021-01-16,Rewe,place_211,1,1,0,0,0,0,0,0,1,0,0,0,1,0,0,0,0,0
2021-01-17,Aldi,place_107,1,1,0,0,0,0,0,0,0,1,0,1,1,0,0,0,1,0
2021-01-17,Aldi,place_108,1,1,0,0,1,0,0,0,0,0,0,0,1,0,1,0,0,0
2021-01-17,Aldi,place_79,2,1,0,0,0,0,0,1,0,0,0,0,1,0,1,0,0,0
2021-01-17,Burger King,place_38,1,1,0,0,1,0,0,0,0,0,0,0,1,0,1,0,0,1
2021-01-17,Kaufland,place_215,2,1,0,0,0,0,0,0,0,1,0,0,1,0,1,0,0,0
2021-01-17,McDonald's,place_1,1,1,0,0,0,0,0,0,0,0,0,0,1,0,1,0,0,0
2021-01-17,McDonald's,place_10,1,1,0,0,0,0,0,0,0,0,0,0,1,0,1,0,0,0
2021-01-17,McDonald's,place_14,1,1,0,0,0,0,0,0,0,0,0,1,1,0,0,0,0,0
2021-01-17,McDonald's,place_20,2,1,0,0,0,0,0,0,0,0,0,0,1,0,1,0,1,0
2021-01-17,McDonald's,place_3,2,1,0,1,0,0,0,0,0,0,0,0,1,0,1,0,0,0
2021-01-17,McDonald's,place_8,3,1,0,0,0,0,0,0,0,0,0,0,1,0,1,0,0,0
2021-01-17,Rewe,place_151,1,1,0,0,0,0,0,0,1,0,0,0,1,0,0,0,0,0
2021-01-17,Rewe,place_159,1,1,0,0,0,0,1,0,0,0,0,1,0,0,0,0,1,0
2021-01-17,Rewe,place_163,1,1,0,0,0,0,0,0,1,0,0,0,1,0,0,0,0,0
2021-01-17,Rewe,place_196,2,1,0,0,0,0,0,0,0,0,0,0,1,0,1,0,1,0
2021-01-17,Rewe,place_210,7,1,0,0,1,0,0,0,0,0,0,0,1,0,1,0,0,0
2021-01-18,Aldi,place_102,1,1,0,0,0,0,0,0,0,0,0,0,1,0,1,0,0,0
2021-01-18,Aldi,place_108,2,2,1,0,0,0,0,0,0,1,0,0,2,0,2,0,0,0
2021-01-18,Aldi,place_109,1,1,0,0,0,0,0,0,0,1,0,0,1,0,1,0,0,0
2021-01-18,Aldi,place_116,1,1,0,0,0,0,0,0,0,0,0,0,1,0,1,0,0,0
2021-01-18,Aldi,place_118,1,1,0,0,0,0,0,0,0,0,0,1,1,0,0,0,0,0
2021-01-18,Aldi,place_123,1,1,0,0,0,0,0,0,0,0,0,0,1,1,1,0,1,0
2021-01-18,Aldi,place_129,1,1,0,0,0,0,1,0,0,0,0,0,0,0,1,0,0,0
2021-01-18,Aldi,place_130,1,1,0,0,0,0,0,0,0,0,0,0,1,0,1,0,0,0
2021-01-18,Aldi,place_132,2,1,0,0,0,0,0,0,0,0,0,0,1,0,1,0,0,0
2021-01-18,Aldi,place_135,2,2,0,0,0,0,1,0,0,0,0,0,1,0,1,0,1,0
2021-01-18,Aldi,place_62,1,1,0,0,0,0,0,1,0,1,0,0,1,0,1,0,0,0
2021-01-18,Aldi,place_69,1,1,0,0,0,0,0,0,0,1,0,0,1,0,1,0,0,0
2021-01-18,Aldi,place_81,3,1,0,0,0,0,0,0,0,0,0,1,1,0,0,0,0,0
2021-01-18,Aldi,place_82,1,1,0,0,0,0,0,0,0,0,0,1,1,0,0,0,0,0
2021-01-18,Aldi,place_89,5,2,0,0,0,0,0,0,0,0,1,0,2,0,2,0,0,0
2021-01-18,Aldi,place_96,1,1,0,0,0,1,0,0,0,0,0,0,1,0,1,0,0,0
2021-01-18,Aldi,place_97,4,2,0,0,0,0,0,0,1,0,0,0,2,1,1,0,0,0
2021-01-18,Aldi,place_99,2,2,0,0,0,0,0,0,0,0,0,0,2,0,2,1,0,0
2021-01-18,Burger King,place_37,3,3,0,1,0,0,1,0,1,0,1,1,2,0,1,0,1,0
2021-01-18,Kaufland,place_213,4,1,0,0,0,0,0,0,0,0,0,0,1,0,1,0,0,0
2021-01-18,Kaufland,place_214,13,8,0,0,0,1,0,0,2,2,0,0,8,1,6,0,1,1
2021-01-18,Kaufland,place_215,1,1,0,0,0,0,0,0,0,0,0,0,1,0,1,0,1,0
2021-01-18,Kaufland,place_216,5,4,0,0,0,0,2,0,0,1,0,3,2,1,0,0,1,0
2021-01-18,Kaufland,place_217,2,2,0,0,1,0,0,0,0,0,0,0,2,1,2,0,0,0
2021-01-18,Kaufland,place_218,3,2,0,1,0,0,1,0,0,0,0,1,1,0,1,1,1,0
2021-01-18,Kaufland,place_219,3,2,0,0,0,0,0,0,0,0,0,1,2,0,1,0,0,0
2021-01-18,Kaufland,place_220,2,1,0,0,0,0,0,0,0,0,1,0,1,0,1,0,0,0
2021-01-18,Kaufland,place_221,1,1,0,0,0,0,0,0,1,0,0,0,1,0,0,0,0,0
2021-01-18,Kaufland,place_223,1,1,0,0,0,0,0,0,0,0,1,0,1,0,1,0,0,1
2021-01-18,Kaufland,place_224,6,6,1,2,0,0,1,1,0,0,1,2,5,0,4,1,0,1
2021-01-18,Kaufland,place_225,3,3,0,0,0,1,0,0,1,0,0,0,3,0,2,0,0,0
2021-01-18,Kaufland,place_226,3,3,0,0,0,0,0,0,1,0,0,1,3,0,1,0,0,0
2021-01-18,Kaufland,place_227,3,2,0,0,0,0,0,0,1,0,0,0,2,0,1,0,0,0
2021-01-18,Lexus,place_245,1,1,0,0,0,0,0,0,0,0,0,0,1,0,1,0,1,0
2021-01-18,McDonald's,place_13,2,1,0,0,0,0,0,0,1,0,0,0,1,1,0,0,0,0
2021-01-18,McDonald's,place_15,3,2,0,0,1,0,0,0,1,0,0,0,2,0,1,0,0,0
2021-01-18,McDonald's,place_26,1,1,0,0,0,0,0,0,0,0,0,0,1,0,1,0,0,0
2021-01-18,McDonald's,place_28,1,1,0,0,0,0,0,0,0,0,1,0,1,0,1,0,0,0
2021-01-18,McDonald's,place_31,1,1,0,0,0,0,0,0,0,0,0,1,1,0,0,0,0,0
2021-01-18,McDonald's,place_4,2,1,0,0,0,0,1,0,0,0,0,0,0,0,1,0,1,0
2021-01-18,McDonald's,place_8,2,1,0,0,0,0,0,0,0,0,0,0,1,0,1,0,0,0
2021-01-18,Renault,place_237,1,1,1,0,0,0,0,0,0,0,0,0,1,0,1,0,0,0
2021-01-18,Renault,place_238,3,3,0,0,0,0,0,0,2,1,0,1,3,0,0,0,0,0
2021-01-18,Rewe,place_138,3,3,1,0,0,1,0,0,1,0,0,0,3,0,2,0,0,0
2021-01-18,Rewe,place_148,2,1,0,0,0,0,0,0,0,1,1,0,1,0,1,0,0,0
2021-01-18,Rewe,place_153,4,2,0,0,0,1,0,0,0,0,1,1,2,0,1,0,0,0
2021-01-18,Rewe,place_154,2,2,1,0,0,0,0,0,0,0,1,0,2,0,2,0,0,0
2021-01-18,Rewe,place_156,1,1,0,0,0,1,0,0,0,0,0,1,1,0,0,0,1,0
2021-01-18,Rewe,place_157,1,1,0,0,0,0,0,0,0,0,0,0,1,0,1,0,0,0
2021-01-18,Rewe,place_158,2,2,0,0,0,0,0,0,1,1,0,1,2,0,0,0,0,1
2021-01-18,Rewe,place_159,2,2,0,0,0,0,1,0,0,1,0,1,1,0,1,0,1,0
2021-01-18,Rewe,place_161,3,2,0,0,0,1,0,0,0,0,0,2,2,0,0,0,0,0
2021-01-18,Rewe,place_164,1,1,1,0,0,0,0,0,0,0,0,0,1,0,1,0,0,0
2021-01-18,Rewe,place_165,1,1,0,0,0,0,0,0,0,0,0,0,1,0,1,0,0,0
2021-01-18,Rewe,place_167,1,1,0,0,0,0,0,0,0,0,0,0,1,0,1,0,0,0
2021-01-18,Rewe,place_172,1,1,0,0,0,0,0,0,0,0,1,0,1,0,1,0,0,0
2021-01-18,Rewe,place_176,2,1,0,0,0,1,0,0,0,0,0,0,1,0,1,0,0,0
2021-01-18,Rewe,place_190,1,1,0,0,0,0,0,0,0,0,1,1,1,0,0,0,0,0
2021-01-18,Rewe,place_193,3,2,0,0,0,1,0,0,0,1,0,2,2,0,0,0,1,0
2021-01-18,Rewe,place_195,1,1,0,0,0,0,0,0,0,0,1,0,1,0,1,0,0,1
2021-01-18,Rewe,place_200,4,1,0,1,0,0,0,0,0,0,0,1,1,0,0,0,0,0
2021-01-18,Rewe,place_203,1,1,0,0,0,0,0,0,0,0,0,1,1,1,0,0,0,0
2021-01-18,Rewe,place_205,2,2,0,0,0,0,0,0,0,0,0,0,2,0,2,0,0,0
2021-01-18,Rewe,place_207,1,1,0,1,0,0,0,0,0,0,0,0,1,0,1,0,0,0
2021-01-18,Rewe,place_210,3,1,0,0,1,0,0,0,0,0,0,0,1,0,1,0,0,0
2021-01-18,Rewe,place_211,3,3,0,0,0,0,1,0,2,0,0,0,2,0,1,0,0,0
2021-01-19,Aldi,place_106,1,1,0,0,0,0,0,0,0,0,0,1,1,0,0,0,0,0
2021-01-19,Aldi,place_109,3,1,0,0,0,0,0,0,0,1,0,0,1,0,1,0,0,0
2021-01-19,Aldi,place_113,1,1,0,0,0,0,0,0,0,0,1,0,1,0,1,0,0,0
2021-01-19,Aldi,place_116,2,2,0,0,1,0,0,1,0,1,0,0,2,0,2,0,0,0
2021-01-19,Aldi,place_123,1,1,0,0,0,0,0,0,0,0,0,1,1,0,0,0,0,0
2021-01-19,Aldi,place_125,1,1,0,1,0,0,0,0,0,0,0,1,1,0,0,0,0,0
2021-01-19,Aldi,place_129,1,1,0,0,0,0,0,0,0,0,0,0,1,0,1,0,0,0
2021-01-19,Aldi,place_132,1,1,0,0,0,0,0,0,0,0,0,0,1,0,1,0,0,0
2021-01-19,Aldi,place_136,2,1,0,0,0,0,0,0,0,0,0,0,1,0,1,0,0,0
2021-01-19,Aldi,place_61,1,1,1,0,0,0,0,0,0,0,0,0,1,0,1,0,0,0
2021-01-19,Aldi,place_71,1,1,0,0,0,0,0,0,0,0,0,0,1,0,1,0,0,0
2021-01-19,Aldi,place_79,1,1,0,0,0,0,0,1,0,0,0,0,1,0,1,0,0,0
2021-01-19,Aldi,place_81,1,1,0,0,0,0,0,0,0,0,0,0,1,0,1,0,0,1
2021-01-19,Aldi,place_99,1,1,0,0,0,0,0,0,0,0,0,1,1,0,0,0,0,0
2021-01-19,Burger King,place_35,1,1,0,0,0,0,1,0,0,0,0,0,0,0,1,0,0,0
2021-01-19,Burger King,place_38,1,1,0,0,0,0,1,0,0,0,0,0,0,0,1,0,0,0
2021-01-19,Kaufland,place_213,2,1,0,0,0,0,0,0,0,0,0,0,1,0,1,0,0,0
2021-01-19,Kaufland,place_214,8,7,0,0,0,0,0,0,0,1,0,1,7,0,6,0,1,1
2021-01-19,Kaufland,place_215,3,3,0,0,0,0,0,0,0,0,0,1,3,1,2,0,0,1
2021-01-19,Kaufland,place_216,6,3,1,0,0,0,0,0,1,0,0,0,3,1,2,0,0,0
2021-01-19,Kaufland,place_217,1,1,0,0,0,0,0,0,0,0,0,0,1,0,1,0,0,0
2021-01-19,Kaufland,place_218,1,1,0,1,0,0,0,0,0,1,0,0,1,0,1,0,0,0
2021-01-19,Kaufland,place_219,3,2,0,0,1,1,1,0,1,0,1,0,1,0,1,0,0,0
2021-01-19,Kaufland,place_221,2,1,0,1,0,0,0,0,0,0,0,0,1,0,1,0,0,0
2021-01-19,Kaufland,place_223,6,4,0,0,0,0,1,0,1,0,0,0,3,0,3,0,0,0
2021-01-19,Kaufland,place_224,3,3,0,0,0,0,1,0,0,0,1,1,2,1,2,0,0,0
2021-01-19,Kaufland,place_225,4,4,0,0,2,1,1,0,1,0,0,1,3,1,2,1,1,0
2021-01-19,Kaufland,place_226,3,3,0,0,0,1,0,0,0,0,0,2,3,0,1,0,0,1
2021-01-19,Kaufland,place_227,8,2,0,0,0,0,0,0,0,1,1,0,2,0,2,0,0,0
2021-01-19,Lexus,place_245,4,1,0,0,0,0,0,0,0,0,0,1,1,0,0,0,0,0
2021-01-19,McDonald's,place_18,1,1,0,0,0,0,1,0,0,0,1,1,0,0,0,0,0,0
2021-01-19,McDonald's,place_22,2,1,0,0,0,0,0,0,0,1,0,0,1,0,1,0,0,0
2021-01-19,McDonald's,place_31,1,1,0,0,0,0,0,0,1,0,0,0,1,0,0,0,0,0
2021-01-19,McDonald's,place_8,2,1,0,0,0,0,0,0,0,0,0,0,1,0,1,0,0,0
2021-01-19,Mercedes,place_234,2,2,0,0,0,0,0,0,0,0,0,1,2,0,1,0,0,1
2021-01-19,Renault,place_238,2,1,0,0,0,0,0,0,1,1,0,0,1,0,0,0,0,0
2021-01-19,Rewe,place_138,1,1,0,0,0,0,0,0,0,0,0,0,1,0,1,0,0,0
2021-01-19,Rewe,place_140,2,1,0,0,0,0,0,0,0,0,0,0,1,0,1,0,0,0
2021-01-19,Rewe,place_141,1,1,1,0,0,0,0,0,0,1,0,0,1,0,1,0,0,0
2021-01-19,Rewe,place_148,3,3,0,1,0,0,0,0,1,0,0,0,3,0,2,0,0,1
2021-01-19,Rewe,place_149,1,1,0,1,0,0,0,0,0,0,1,1,1,0,0,0,0,0
2021-01-19,Rewe,place_151,1,1,0,0,0,0,0,0,0,0,1,0,1,0,1,0,0,0
2021-01-19,Rewe,place_152,1,1,0,0,0,0,0,0,0,0,0,0,1,0,1,0,0,0
2021-01-19,Rewe,place_154,2,1,0,0,0,0,0,0,0,0,0,0,1,1,1,0,0,0
2021-01-19,Rewe,place_156,1,1,0,0,0,1,0,0,0,0,0,1,1,0,0,0,0,0
2021-01-19,Rewe,place_158,4,2,0,0,0,0,0,0,0,0,0,0,2,0,2,0,0,0
2021-01-19,Rewe,place_159,1,1,0,0,0,0,0,0,0,1,0,0,1,0,1,0,0,0
2021-01-19,Rewe,place_160,4,1,0,0,1,0,0,0,0,0,0,1,1,1,0,0,0,0
2021-01-19,Rewe,place_161,2,2,1,0,0,0,0,0,0,1,0,0,2,0,2,0,0,0
2021-01-19,Rewe,place_165,1,1,0,0,0,0,0,0,0,0,0,0,1,0,1,0,0,0
2021-01-19,Rewe,place_170,1,1,0,0,0,0,0,0,0,0,0,1,1,0,0,0,0,0
2021-01-19,Rewe,place_171,4,2,0,0,1,0,1,0,1,0,0,0,1,0,0,0,0,0
2021-01-19,Rewe,place_172,1,1,0,0,0,0,0,0,0,0,0,1,1,0,0,0,0,0
2021-01-19,Rewe,place_176,2,1,0,0,0,1,0,0,0,0,0,0,1,0,1,0,0,0
2021-01-19,Rewe,place_177,1,1,0,0,0,0,0,0,0,0,0,0,1,1,1,0,0,0
2021-01-19,Rewe,place_178,2,1,0,0,0,0,1,0,0,0,0,1,0,1,0,0,0,0
2021-01-19,Rewe,place_179,2,2,0,0,0,0,1,0,0,0,0,0,1,0,2,0,0,0
2021-01-19,Rewe,place_182,5,2,1,0,0,0,1,0,1,0,0,0,1,0,1,0,0,0
2021-01-19,Rewe,place_183,1,1,0,0,0,0,0,0,0,0,0,0,1,0,1,0,0,0
2021-01-19,Rewe,place_191,1,1,0,0,0,0,0,0,0,0,0,0,1,0,1,0,0,0
2021-01-19,Rewe,place_192,1,1,0,1,0,0,0,0,1,0,0,0,1,0,0,0,0,1
2021-01-19,Rewe,place_193,3,2,0,0,0,0,0,1,0,1,0,1,2,0,1,0,0,0
2021-01-19,Rewe,place_200,1,1,0,0,0,0,0,0,0,0,0,0,1,0,1,0,0,0
2021-01-19,Rewe,place_203,1,1,0,0,0,0,0,0,0,0,0,1,1,1,0,0,0,0
2021-01-19,Rewe,place_205,4,3,0,0,0,0,0,0,0,1,0,1,3,1,2,0,0,0
2021-01-19,Rewe,place_207,1,1,0,0,0,0,0,0,0,0,0,0,1,0,1,0,0,0
2021-01-19,Rewe,place_209,3,2,0,0,0,0,0,0,1,0,0,0,2,0,1,0,0,0
2021-01-20,Aldi,place_106,2,2,1,0,0,0,0,0,0,0,0,0,2,0,2,1,0,0
2021-01-20,Aldi,place_107,1,1,0,0,0,0,1,0,0,0,0,0,0,0,1,0,0,0
2021-01-20,Aldi,place_109,4,1,0,0,0,0,0,0,0,1,0,0,1,0,1,0,0,0
2021-01-20,Aldi,place_113,1,1,0,0,0,0,0,0,0,0,0,0,1,0,1,0,0,0
2021-01-20,Aldi,place_119,2,1,0,1,0,0,0,0,0,0,0,0,1,0,1,0,0,0
2021-01-20,Aldi,place_132,1,1,0,0,0,0,0,0,0,0,0,0,1,0,1,0,0,0
2021-01-20,Aldi,place_79,1,1,0,0,0,0,0,0,0,0,0,0,1,0,1,0,0,0
2021-01-20,Aldi,place_83,2,1,0,0,0,0,0,0,0,0,0,1,1,1,0,0,1,0
2021-01-20,Aldi,place_85,3,2,0,0,0,0,0,0,1,0,1,0,2,0,1,0,0,0
2021-01-20,Burger King,place_49,1,1,0,0,0,0,0,1,0,0,0,0,1,0,1,0,0,0
2021-01-20,Kaufland,place_213,1,1,0,1,0,0,0,0,0,0,0,0,1,0,1,0,0,0
2021-01-20,Kaufland,place_214,8,5,1,0,0,0,0,0,0,2,1,2,5,0,3,0,0,0
2021-01-20,Kaufland,place_215,7,5,0,0,1,0,0,0,0,0,0,2,5,3,3,0,1,0
2021-01-20,Kaufland,place_216,1,1,0,0,0,0,0,0,1,0,0,0,1,0,0,0,0,0
2021-01-20,Kaufland,place_217,4,1,0,0,0,0,0,0,0,0,0,0,1,0,1,0,0,0
2021-01-20,Kaufland,place_218,1,1,0,0,0,1,1,0,0,0,0,0,0,0,1,0,0,0
2021-01-20,Kaufland,place_219,9,5,0,1,0,0,0,0,0,1,0,0,5,0,5,0,0,0
2021-01-20,Kaufland,place_220,6,2,0,0,0,0,0,0,0,0,0,1,2,1,1,0,0,0
2021-01-20,Kaufland,place_221,1,1,0,0,0,0,0,0,0,0,0,0,1,0,1,0,0,0
2021-01-20,Kaufland,place_223,1,1,0,0,0,0,0,0,0,0,0,0,1,0,1,1,0,0
2021-01-20,Kaufland,place_224,6,4,0,0,1,0,0,0,1,1,0,1,4,0,2,0,0,1
2021-01-20,Kaufland,place_225,1,1,0,0,0,1,0,0,0,0,0,1,1,0,0,0,0,0
2021-01-20,Kaufland,place_226,2,2,0,0,0,0,0,0,0,0,0,0,2,0,2,0,0,0
2021-01-20,Kaufland,place_227,5,3,1,0,0,0,0,0,0,0,0,1,3,0,2,0,0,0
2021-01-20,McDonald's,place_2,2,2,0,0,0,0,0,0,0,1,0,1,2,1,1,0,0,0
2021-01-20,McDonald's,place_29,1,1,0,0,0,0,0,0,0,0,0,0,1,0,1,0,0,0
2021-01-20,McDonald's,place_3,1,1,0,0,0,0,0,0,0,0,1,1,1,0,0,0,0,0
2021-01-20,McDonald's,place_8,2,2,0,0,0,0,0,0,0,0,0,0,2,0,2,0,0,0
2021-01-20,Mercedes,place_232,4,1,1,0,0,0,0,0,0,0,0,0,1,0,1,0,0,0
2021-01-20,Mercedes,place_233,1,1,0,0,0,0,1,0,0,0,0,0,0,0,1,0,1,0
2021-01-20,Renault,place_237,1,1,0,0,0,0,0,0,0,0,0,1,1,0,0,0,0,0
2021-01-20,Renault,place_238,1,1,0,0,0,0,0,0,1,1,0,0,1,0,0,0,0,0
2021-01-20,Rewe,place_138,6,1,0,0,0,1,0,0,1,0,0,0,1,0,0,0,0,0
2021-01-20,Rewe,place_144,1,1,0,0,0,0,0,0,0,0,1,0,1,0,1,0,0,0
2021-01-20,Rewe,place_146,1,1,1,0,0,0,0,0,0,0,0,0,1,0,1,0,0,0
2021-01-20,Rewe,place_148,1,1,0,0,0,0,0,1,0,1,0,0,1,0,1,0,0,0
2021-01-20,Rewe,place_151,1,1,1,0,0,0,0,0,0,0,0,0,1,0,1,0,0,1
2021-01-20,Rewe,place_159,1,1,0,0,0,0,0,0,0,1,0,0,1,0,1,0,0,0
2021-01-20,Rewe,place_160,1,1,0,0,0,0,0,0,0,1,0,0,1,0,1,0,0,0
2021-01-20,Rewe,place_162,1,1,0,0,0,0,0,0,0,0,0,0,1,1,1,0,0,0
2021-01-20,Rewe,place_165,1,1,0,0,0,0,0,0,0,1,0,0,1,1,1,0,1,0
2021-01-20,Rewe,place_171,1,1,0,0,0,0,0,0,0,0,0,0,1,0,1,1,0,0
2021-01-20,Rewe,place_176,1,1,0,0,0,1,0,0,0,0,0,0,1,0,1,0,0,0
2021-01-20,Rewe,place_178,2,1,0,0,0,0,0,0,0,0,0,0,1,0,1,0,1,0
2021-01-20,Rewe,place_179,2,2,0,0,0,0,1,0,0,0,0,1,1,0,1,0,0,0
2021-01-20,Rewe,place_180,1,1,0,0,0,0,0,0,1,0,0,0,1,0,0,0,0,0
2021-01-20,Rewe,place_191,4,2,1,0,0,0,0,0,1,0,1,0,2,0,1,0,0,0
2021-01-20,Rewe,place_193,7,1,0,0,0,0,0,0,0,1,0,1,1,0,0,0,0,0
2021-01-20,Rewe,place_196,2,2,0,0,0,0,1,0,0,0,0,1,1,0,0,1,0,0
2021-01-20,Rewe,place_198,1,1,0,0,0,0,0,0,0,0,0,1,1,0,0,0,0,1
2021-01-20,Rewe,place_203,2,1,0,0,0,0,0,0,0,0,0,1,1,1,0,0,0,0
2021-01-20,Rewe,place_207,1,1,0,0,0,0,0,0,0,1,0,0,1,0,1,0,0,0
2021-01-20,Rewe,place_209,2,2,0,0,0,0,0,0,0,0,0,1,2,0,1,0,0,0
2021-01-20,Rewe,place_210,2,1,0,0,1,0,0,0,0,0,0,0,1,0,1,0,0,0
2021-01-20,Rewe,place_211,1,1,0,0,0,0,0,0,0,0,0,0,1,0,1,0,1,0
2021-01-20,Subway,place_52,1,1,0,0,0,0,1,0,0,0,0,0,0,0,1,0,0,0
2021-01-21,Aldi,place_109,2,1,0,0,0,0,0,0,0,1,0,0,1,0,1,0,0,0
2021-01-21,Aldi,place_116,1,1,0,0,0,0,0,0,1,0,0,0,1,1,0,0,0,0
2021-01-21,Aldi,place_117,1,1,0,0,0,0,0,0,0,0,0,1,1,0,0,0,0,0
2021-01-21,Aldi,place_120,1,1,0,0,0,0,0,0,0,0,0,0,1,0,1,0,0,0
2021-01-21,Aldi,place_130,1,1,0,0,0,0,0,0,0,1,0,0,1,0,1,0,0,0
2021-01-21,Aldi,place_132,4,1,0,0,0,0,0,0,0,0,0,0,1,0,1,0,0,0
2021-01-21,Aldi,place_54,1,1,0,0,0,0,0,0,0,0,1,1,1,0,0,0,0,0
2021-01-21,Aldi,place_60,3,2,0,0,0,0,0,0,0,0,0,0,2,2,2,0,0,0
2021-01-21,Aldi,place_62,8,1,0,0,0,0,0,0,0,0,0,1,1,0,0,0,0,0
2021-01-21,Aldi,place_71,2,1,1,0,0,1,0,0,0,0,0,0,1,0,1,0,0,0
2021-01-21,Aldi,place_74,1,1,0,0,0,0,0,0,0,0,0,1,1,0,0,0,0,0
2021-01-21,Aldi,place_75,1,1,0,0,0,0,0,0,0,0,1,0,1,0,1,0,0,0
2021-01-21,Aldi,place_77,2,1,0,0,0,0,0,0,0,0,0,0,1,0,1,0,0,0
2021-01-21,Aldi,place_78,1,1,0,0,0,0,0,0,0,0,0,1,1,0,0,0,1,0
2021-01-21,Aldi,place_79,1,1,0,0,0,0,0,0,0,0,0,0,1,0,1,0,1,0
2021-01-21,Aldi,place_81,3,2,0,0,0,0,0,0,1,0,0,0,2,1,1,0,0,1
2021-01-21,Aldi,place_86,1,1,0,0,0,0,0,0,1,0,0,0,1,0,0,0,0,0
2021-01-21,Aldi,place_90,2,1,0,0,0,0,0,0,0,0,0,1,1,0,0,0,0,0
2021-01-21,Aldi,place_93,1,1,0,0,1,0,0,0,0,0,0,0,1,0,1,0,0,0
2021-01-21,Aldi,place_96,1,1,0,0,0,0,0,0,0,0,0,0,1,0,1,0,0,0
2021-01-21,Aldi,place_97,3,1,0,0,0,1,0,0,0,0,0,0,1,0,1,1,0,0
2021-01-21,Aldi,place_98,1,1,0,0,0,0,0,0,0,0,0,0,1,0,1,0,0,0
2021-01-21,Aldi,place_99,4,3,0,0,0,0,0,0,0,0,0,1,3,0,2,1,1,0
2021-01-21,Burger King,place_41,1,1,0,0,0,0,0,0,0,0,0,0,1,0,1,0,0,0
2021-01-21,Kaufland,place_213,1,1,0,1,0,0,1,0,0,1,0,0,0,0,0,0,0,0
2021-01-21,Kaufland,place_214,9,7,0,2,0,0,0,0,3,1,0,0,7,0,4,2,1,0
2021-01-21,Kaufland,place_215,6,4,0,0,0,1,0,0,1,0,1,2,4,0,1,0,0,0
2021-01-21,Kaufland,place_216,5,4,0,0,1,0,1,0,0,0,1,0,3,0,3,0,0,0
2021-01-21,Kaufland,place_217,4,4,0,0,1,0,0,0,0,0,0,2,4,0,2,0,1,1
2021-01-21,Kaufland,place_218,3,3,0,0,0,0,1,0,1,0,0,1,2,0,1,0,1,0
2021-01-21,Kaufland,place_219,5,4,0,0,0,0,0,0,1,0,1,1,4,0,2,0,0,2
2021-01-21,Kaufland,place_220,2,2,1,0,0,0,0,1,0,0,0,1,2,0,1,0,0,0
2021-01-21,Kaufland,place_221,4,4,0,0,0,0,0,0,1,0,1,1,4,0,2,0,0,0
2021-01-21,Kaufland,place_224,5,5,0,1,1,0,1,0,0,0,0,2,4,0,2,0,0,0
2021-01-21,Kaufland,place_225,3,2,0,0,0,0,0,0,1,0,0,0,2,0,1,0,0,0
2021-01-21,Kaufland,place_226,4,4,0,0,0,0,0,0,2,0,0,1,4,0,1,0,0,0
2021-01-21,Kaufland,place_227,4,3,0,0,0,0,0,0,0,0,0,1,3,0,2,0,0,0
2021-01-21,Lexus,place_245,4,2,0,0,0,0,0,0,0,0,0,1,2,0,1,0,0,0
2021-01-21,McDonald's,place_17,1,1,0,0,0,0,0,1,0,0,0,0,1,0,1,0,0,0
2021-01-21,McDonald's,place_23,1,1,0,1,0,0,0,0,0,0,0,0,1,0,1,0,0,0
2021-01-21,McDonald's,place_28,1,1,0,0,0,0,0,0,0,0,0,1,1,0,0,0,1,0
2021-01-21,McDonald's,place_29,1,1,0,0,0,0,1,0,0,0,0,0,0,0,1,0,0,0
2021-01-21,McDonald's,place_3,1,1,0,0,0,0,0,0,0,1,0,0,1,0,1,0,0,0
2021-01-21,McDonald's,place_4,4,1,0,0,1,0,0,0,0,0,0,0,1,0,1,0,0,0
2021-01-21,McDonald's,place_8,1,1,0,0,0,0,0,0,0,0,0,0,1,0,1,0,0,0
2021-01-21,Mercedes,place_233,1,1,0,0,0,0,0,0,1,0,0,0,1,0,0,0,0,0
2021-01-21,Renault,place_237,2,1,1,0,0,0,0,0,0,0,0,0,1,0,1,0,0,0
2021-01-21,Rewe,place_138,2,1,0,0,0,1,0,0,1,0,0,0,1,0,0,0,0,0
2021-01-21,Rewe,place_140,2,2,0,0,0,0,0,0,0,0,0,1,2,0,1,0,1,0
2021-01-21,Rewe,place_141,1,1,0,0,0,0,1,0,0,0,0,0,0,0,0,0,0,0
2021-01-21,Rewe,place_145,3,1,0,0,0,0,0,0,0,0,0,1,1,1,0,0,0,0
2021-01-21,Rewe,place_149,1,1,0,0,0,1,0,0,1,0,0,0,1,1,0,0,0,0
2021-01-21,Rewe,place_151,2,2,0,0,1,1,0,0,0,0,0,1,2,0,1,0,0,0
2021-01-21,Rewe,place_154,3,2,0,0,0,0,0,0,1,0,0,0,2,1,1,0,1,0
2021-01-21,Rewe,place_156,2,1,1,0,0,0,0,0,0,0,0,0,1,0,1,0,0,0
2021-01-21,Rewe,place_158,1,1,0,0,0,0,0,0,0,0,0,0,1,0,1,0,0,0
2021-01-21,Rewe,place_159,2,2,0,0,0,0,0,0,0,1,0,0,2,0,2,0,0,0
2021-01-21,Rewe,place_160,1,1,0,0,0,0,0,0,0,0,0,1,1,0,0,0,0,0
2021-01-21,Rewe,place_161,1,1,0,0,0,0,0,0,0,0,0,0,1,0,1,0,0,0
2021-01-21,Rewe,place_164,1,1,0,0,0,0,0,0,0,0,0,1,1,0,0,0,0,0
2021-01-21,Rewe,place_171,1,1,0,0,0,0,0,0,1,0,0,0,1,0,0,0,0,0
2021-01-21,Rewe,place_175,1,1,0,0,0,0,0,0,0,0,0,1,1,0,0,0,0,0
2021-01-21,Rewe,place_176,1,1,1,0,0,0,0,0,0,0,0,0,1,0,1,0,0,0
2021-01-21,Rewe,place_177,1,1,0,0,0,0,0,0,0,0,0,0,1,0,1,0,0,0
2021-01-21,Rewe,place_180,2,2,0,0,0,0,0,0,0,0,0,1,2,1,1,0,0,0
2021-01-21,Rewe,place_182,1,1,0,0,0,0,0,0,0,1,0,0,1,0,1,0,0,0
2021-01-21,Rewe,place_183,2,2,0,0,0,0,1,0,0,0,0,0,1,0,2,0,0,0
2021-01-21,Rewe,place_191,3,2,0,0,0,0,0,0,0,1,0,1,2,0,1,1,0,0
2021-01-21,Rewe,place_193,5,2,1,0,1,0,0,0,0,1,0,1,2,0,1,0,0,0
2021-01-21,Rewe,place_199,1,1,0,0,0,0,0,0,0,0,0,1,1,0,0,0,0,0
2021-01-21,Rewe,place_200,1,1,0,0,0,0,0,0,0,1,1,0,1,0,1,0,0,0
2021-01-21,Rewe,place_203,2,2,1,0,0,0,0,1,0,0,0,1,2,0,1,0,0,0
2021-01-21,Rewe,place_209,3,2,0,0,0,0,0,0,0,0,0,1,2,0,1,0,0,0
2021-01-21,Rewe,place_210,4,2,0,0,1,0,0,0,0,0,0,0,2,0,2,0,0,0
